trial,portfolio_w,efficiency_w,construction_w,injury_blend,replacement_scale,injury_gp_min,round_clip_lo,round_clip_hi,qb2_threshold,qb3_threshold,te2_threshold,k_start_round,dst_start_round
1,62.198,31.062,6.74,0.144,1.084,10,0.298,2.052,12,8,8,13,9
2,55.991,33.507,10.502,0.246,1.024,9,0.318,2.48,11,11,6,14,10
3,52.227,36.861,10.912,0.134,0.947,8,0.278,2.36,12,8,6,14,10
4,54.523,36.605,8.872,0.243,1.033,7,0.352,2.116,12,9,6,13,11
5,57.531,37.033,5.436,0.184,1.0,7,0.312,2.093,11,11,5,14,10
6,55.809,33.442,10.749,0.266,0.992,9,0.273,2.409,11,10,7,14,11
7,55.667,39.175,5.158,0.35,0.991,7,0.281,2.073,10,9,8,14,11
8,60.898,31.213,7.889,0.341,0.979,7,0.3,2.089,12,10,7,12,11
9,56.835,38.961,4.204,0.376,0.994,8,0.289,2.363,12,9,5,13,9
10,53.123,37.145,9.732,0.347,1.07,9,0.388,2.091,12,8,8,12,11
11,60.267,33.807,5.927,0.26,1.068,7,0.269,2.205,12,9,7,12,9
12,55.441,34.686,9.873,0.295,0.937,7,0.297,2.243,10,10,8,13,10
13,59.561,35.478,4.961,0.221,1.045,8,0.331,2.382,12,9,8,12,10
14,57.806,34.067,8.127,0.212,1.005,7,0.392,1.953,13,9,7,14,9
15,59.851,31.881,8.268,0.156,0.943,10,0.335,2.128,13,8,5,12,9
16,57.033,32.997,9.969,0.257,0.916,7,0.352,2.304,10,8,6,14,9
17,58.511,35.719,5.77,0.325,1.012,9,0.323,2.013,11,9,6,13,10
18,57.717,34.168,8.116,0.245,0.941,10,0.281,2.33,13,9,5,12,11
19,54.636,37.684,7.68,0.262,0.943,7,0.306,2.415,10,11,7,14,11
20,56.956,34.236,8.808,0.264,0.947,9,0.31,2.39,13,9,5,12,11
21,64.42,30.407,5.172,0.198,1.037,9,0.333,2.224,11,11,5,12,9
22,57.014,34.471,8.515,0.264,1.099,7,0.312,2.252,13,11,5,14,11
23,59.276,36.999,3.724,0.216,0.95,7,0.291,2.113,11,8,8,14,11
24,56.914,36.922,6.164,0.21,0.905,7,0.341,2.418,12,10,8,12,9
25,59.461,34.311,6.228,0.206,0.921,8,0.39,2.113,13,11,7,12,9
26,55.358,37.727,6.916,0.318,0.985,7,0.281,2.301,11,8,5,13,9
27,61.318,31.801,6.881,0.362,1.018,7,0.396,2.423,12,9,5,14,11
28,54.657,36.49,8.853,0.226,0.962,10,0.291,2.05,13,11,8,14,9
29,54.36,34.739,10.901,0.286,1.074,8,0.321,1.902,10,9,7,13,10
30,59.007,32.013,8.979,0.131,0.94,7,0.328,2.271,10,10,8,14,10
31,60.581,33.642,5.776,0.3,0.969,8,0.281,2.278,12,9,5,14,11
32,58.418,36.87,4.712,0.37,1.013,8,0.361,2.385,11,11,5,12,9
33,61.986,31.834,6.18,0.296,0.917,9,0.39,1.939,13,11,6,13,10
34,61.746,34.188,4.066,0.181,1.025,8,0.375,2.061,11,8,7,13,11
35,66.323,28.173,5.504,0.167,0.975,7,0.286,2.297,13,9,5,12,11
36,59.396,31.898,8.706,0.176,0.957,7,0.383,2.403,11,11,7,14,9
37,54.974,36.166,8.86,0.291,0.928,7,0.379,2.441,12,11,7,14,10
38,55.189,40.12,4.691,0.215,1.086,10,0.34,2.318,13,8,8,13,10
39,60.716,31.516,7.767,0.193,1.002,8,0.342,2.142,12,10,8,13,11
40,56.327,36.223,7.45,0.26,1.022,8,0.356,2.008,10,9,6,12,9
41,58.545,32.949,8.506,0.152,1.046,10,0.385,2.077,10,11,7,13,10
42,55.17,33.492,11.338,0.18,1.029,8,0.321,2.199,11,9,5,14,11
43,60.554,28.973,10.472,0.275,0.915,8,0.252,2.285,11,10,6,14,9
44,63.293,32.211,4.497,0.237,0.908,9,0.387,2.144,13,10,6,13,11
45,55.089,36.348,8.564,0.355,0.943,7,0.358,2.001,13,9,5,14,9
46,60.099,36.426,3.475,0.155,1.043,8,0.306,2.198,12,11,8,12,11
47,58.721,33.518,7.76,0.348,0.916,9,0.365,2.34,13,9,8,12,11
48,57.459,34.491,8.05,0.301,0.961,9,0.393,2.353,13,10,5,12,10
49,51.879,38.041,10.08,0.211,0.939,8,0.34,1.959,13,10,8,14,9
50,56.761,36.021,7.218,0.355,0.936,9,0.35,2.172,13,8,8,13,11
51,51.195,37.902,10.902,0.21,1.1,7,0.269,1.901,10,10,7,14,9
52,62.205,30.744,7.051,0.206,0.921,8,0.294,2.45,12,9,8,14,9
53,58.385,32.7,8.916,0.225,0.969,8,0.265,2.259,12,10,7,14,9
54,56.094,39.576,4.329,0.212,1.094,8,0.344,2.359,10,8,5,14,11
55,66.945,28.951,4.104,0.318,1.01,7,0.286,2.153,10,11,8,12,9
56,63.666,32.447,3.887,0.349,1.085,10,0.372,2.258,13,8,8,13,9
57,66.509,29.79,3.7,0.374,0.914,10,0.334,1.938,13,10,7,14,11
58,63.477,31.617,4.906,0.166,1.044,10,0.387,2.323,12,8,8,13,11
59,61.089,34.911,4.0,0.23,1.064,9,0.365,2.296,13,11,7,13,9
60,52.361,37.306,10.332,0.124,0.927,7,0.287,2.484,10,9,7,13,10
61,58.581,31.451,9.968,0.124,1.074,9,0.35,2.122,13,10,8,14,11
62,59.375,36.681,3.944,0.324,0.933,9,0.35,1.961,10,11,8,14,9
63,61.268,30.784,7.949,0.169,0.914,10,0.312,2.165,12,11,8,12,10
64,66.005,27.748,6.247,0.224,0.9,9,0.284,2.171,13,10,5,13,9
65,57.866,32.881,9.253,0.122,0.989,7,0.366,1.977,12,9,7,14,9
66,56.27,40.411,3.319,0.191,1.065,9,0.31,1.96,13,8,8,13,9
67,64.616,29.591,5.793,0.223,0.907,10,0.378,2.363,11,11,6,12,9
68,55.333,39.744,4.922,0.294,1.033,9,0.365,2.454,10,9,7,14,9
69,57.822,37.445,4.733,0.291,1.098,7,0.328,1.963,11,11,6,13,9
70,66.148,30.08,3.772,0.361,0.971,7,0.308,1.963,11,8,5,14,11
71,64.395,30.141,5.464,0.27,1.086,10,0.372,2.228,12,9,6,12,11
72,63.997,31.361,4.642,0.206,1.023,9,0.297,2.343,10,11,5,13,10
73,64.538,29.983,5.479,0.153,0.96,8,0.314,2.031,10,8,6,13,10
74,59.263,32.666,8.071,0.129,0.938,8,0.388,2.305,10,11,6,14,9
75,63.952,32.419,3.628,0.16,0.976,8,0.29,1.917,12,8,7,12,11
76,60.462,34.695,4.844,0.339,0.919,10,0.381,2.282,12,10,8,13,10
77,62.199,34.634,3.168,0.307,1.048,7,0.289,1.912,12,8,8,12,11
78,66.413,27.462,6.125,0.332,0.912,10,0.371,2.36,12,8,6,14,9
79,53.252,36.857,9.891,0.352,1.046,7,0.37,2.334,11,11,5,12,11
80,63.715,32.628,3.657,0.251,1.041,10,0.318,2.001,10,10,7,13,9
81,64.112,27.477,8.411,0.207,0.9,7,0.352,2.248,13,9,6,14,11
82,63.579,32.116,4.305,0.138,1.063,9,0.336,2.402,12,11,6,13,10
83,56.526,33.518,9.956,0.321,1.079,8,0.283,2.306,11,11,5,12,10
84,59.766,36.931,3.304,0.318,0.983,7,0.354,2.238,13,9,7,14,10
85,61.153,32.619,6.228,0.223,0.928,9,0.274,2.126,10,8,6,12,9
86,63.943,30.825,5.232,0.201,0.905,10,0.253,2.157,11,11,6,13,9
87,60.021,33.606,6.373,0.181,1.071,9,0.274,2.359,13,11,6,14,10
88,60.79,30.363,8.847,0.378,1.082,10,0.275,2.371,13,9,6,12,9
89,54.249,36.329,9.422,0.232,0.989,9,0.295,2.145,11,8,7,12,9
90,61.934,31.032,7.035,0.132,1.089,7,0.29,2.152,10,9,7,12,11
91,62.338,29.588,8.074,0.27,1.042,7,0.386,2.026,11,10,7,14,9
92,55.282,39.505,5.213,0.251,0.912,7,0.34,2.04,13,9,6,13,11
93,59.748,34.876,5.376,0.338,1.057,9,0.386,2.0,12,11,5,12,9
94,63.487,29.132,7.381,0.256,1.009,8,0.321,2.023,10,10,7,12,10
95,57.439,35.722,6.838,0.288,1.015,9,0.386,1.986,12,9,5,14,10
96,55.036,32.97,11.995,0.152,0.914,7,0.364,2.307,11,8,8,13,9
97,56.812,35.987,7.201,0.192,1.076,9,0.32,2.387,10,10,5,13,10
98,60.76,31.26,7.979,0.142,1.094,7,0.369,2.208,13,9,5,13,10
99,50.869,38.442,10.689,0.29,1.099,8,0.301,2.335,13,9,5,13,10
100,52.307,37.118,10.574,0.352,1.09,8,0.255,2.161,10,9,7,13,9
101,65.71,29.8,4.49,0.344,0.984,9,0.251,2.493,10,9,6,13,11
102,56.995,38.822,4.183,0.211,0.993,10,0.341,2.045,11,11,5,13,9
103,59.49,33.348,7.162,0.229,1.089,7,0.323,1.928,11,8,6,13,11
104,60.174,34.12,5.707,0.336,1.056,9,0.376,1.916,11,8,5,12,9
105,56.793,38.376,4.831,0.216,1.091,7,0.302,1.942,12,10,6,12,10
106,51.946,39.133,8.92,0.13,1.038,8,0.392,2.367,13,10,8,12,10
107,59.478,34.971,5.551,0.214,0.932,10,0.376,2.122,13,11,6,14,10
108,57.92,31.412,10.668,0.245,1.011,10,0.286,2.101,11,11,8,13,9
109,61.543,30.087,8.371,0.211,1.038,7,0.381,2.025,12,8,6,14,9
110,55.036,39.742,5.222,0.372,0.949,7,0.308,2.301,11,11,5,12,9
111,62.272,33.097,4.631,0.249,1.006,7,0.267,2.167,12,10,5,14,10
112,58.753,30.73,10.517,0.342,1.094,9,0.344,2.276,11,9,6,14,11
113,56.23,37.253,6.518,0.302,1.056,7,0.398,2.016,12,9,7,12,9
114,55.441,33.679,10.88,0.165,0.967,9,0.358,2.09,12,8,8,13,10
115,60.923,36.033,3.044,0.185,1.039,9,0.286,2.315,12,10,7,12,11
116,50.248,38.462,11.29,0.185,1.063,9,0.279,2.329,11,11,7,13,10
117,55.604,32.871,11.525,0.168,1.017,10,0.38,2.211,12,10,5,13,11
118,60.547,36.047,3.406,0.142,0.953,9,0.273,2.163,12,10,7,14,10
119,53.077,36.134,10.789,0.238,1.023,9,0.278,2.433,13,9,5,12,9
120,51.446,37.819,10.734,0.165,0.952,9,0.295,1.951,13,11,5,14,11
121,53.046,38.76,8.195,0.374,0.924,10,0.396,2.379,13,11,8,12,10
122,56.225,34.257,9.518,0.33,0.911,10,0.339,2.03,11,8,5,13,10
123,55.558,40.528,3.914,0.34,1.054,7,0.33,1.952,11,9,6,13,9
124,56.593,35.378,8.029,0.295,0.94,9,0.3,2.049,11,10,6,12,10
125,57.314,34.495,8.192,0.132,1.055,8,0.339,2.188,13,10,7,12,9
126,59.321,36.312,4.366,0.171,1.025,7,0.392,2.313,12,9,5,14,10
127,57.362,33.131,9.507,0.154,0.994,7,0.372,2.087,11,10,8,13,11
128,56.424,35.003,8.573,0.155,0.946,9,0.275,2.178,11,10,7,12,10
129,57.744,32.45,9.806,0.148,0.955,9,0.348,2.173,10,10,8,13,11
130,57.513,32.728,9.759,0.271,1.097,7,0.361,2.477,13,8,6,14,11
131,62.987,31.208,5.805,0.163,0.909,7,0.315,2.366,11,9,7,13,9
132,55.391,34.36,10.248,0.263,1.013,10,0.294,2.334,11,10,5,13,10
133,55.166,36.96,7.874,0.141,1.023,10,0.366,2.292,13,11,8,13,10
134,56.39,33.678,9.932,0.214,0.908,9,0.291,2.073,10,11,7,12,10
135,59.057,30.461,10.481,0.232,0.94,9,0.271,2.34,10,8,6,14,10
136,60.827,34.977,4.197,0.177,0.952,8,0.372,2.099,10,9,8,12,10
137,55.9,39.484,4.617,0.276,1.021,7,0.329,2.209,12,11,5,14,9
138,55.843,34.853,9.304,0.179,1.03,10,0.352,2.182,13,10,5,13,11
139,65.01,28.783,6.206,0.309,0.97,10,0.295,2.482,11,10,8,14,9
140,55.78,36.746,7.474,0.14,1.01,7,0.376,2.002,12,8,8,13,11
141,56.935,35.094,7.972,0.128,0.996,10,0.317,2.476,13,11,8,13,9
142,60.392,29.186,10.422,0.151,1.024,7,0.279,2.191,10,8,8,13,10
143,60.587,31.712,7.701,0.193,1.074,9,0.295,1.976,13,8,8,13,10
144,60.354,32.292,7.354,0.366,0.962,8,0.328,2.494,12,9,6,14,9
145,54.102,40.864,5.035,0.294,0.959,7,0.357,1.996,12,11,5,14,9
146,60.019,36.207,3.773,0.311,1.022,10,0.39,2.356,12,11,6,13,10
147,57.387,33.959,8.654,0.224,0.947,9,0.372,2.149,10,8,7,14,9
148,55.071,35.068,9.861,0.323,1.092,9,0.379,2.147,11,10,8,13,9
149,56.987,33.245,9.768,0.292,0.935,7,0.34,2.159,11,10,5,14,10
150,57.066,36.423,6.511,0.194,1.043,9,0.39,2.326,11,10,8,12,11
151,62.887,32.001,5.112,0.217,0.944,8,0.307,2.47,11,10,6,13,11
152,54.121,35.867,10.012,0.203,1.06,7,0.296,2.065,12,8,7,13,11
153,52.134,40.332,7.535,0.233,1.075,9,0.355,2.209,12,11,5,12,9
154,61.789,27.763,10.448,0.229,0.918,10,0.391,2.229,13,8,7,13,10
155,55.83,35.062,9.108,0.228,0.936,7,0.283,2.084,12,8,7,12,10
156,57.552,35.986,6.462,0.125,1.058,8,0.3,2.155,12,8,8,13,11
157,55.226,39.054,5.72,0.35,0.987,10,0.353,2.212,13,10,5,13,9
158,61.414,27.577,11.009,0.151,1.061,9,0.352,2.456,11,10,5,12,9
159,63.201,28.758,8.042,0.186,1.053,8,0.357,2.396,10,11,5,14,11
160,52.783,39.242,7.975,0.207,0.947,8,0.26,2.161,12,9,6,12,9
161,54.246,40.435,5.319,0.251,1.099,10,0.326,2.084,11,10,7,14,9
162,58.385,38.04,3.575,0.17,1.035,7,0.326,2.083,12,8,7,13,11
163,57.082,34.756,8.162,0.244,0.908,7,0.352,2.422,11,11,8,13,9
164,59.053,36.363,4.584,0.363,1.092,10,0.295,2.065,11,10,8,13,10
165,59.113,32.076,8.811,0.299,1.016,9,0.326,1.952,12,10,5,14,11
166,56.369,36.497,7.134,0.246,1.037,8,0.358,1.913,10,8,6,12,9
167,61.868,30.081,8.051,0.173,0.946,9,0.301,2.204,12,11,8,12,10
168,60.057,33.928,6.015,0.29,1.001,7,0.273,2.312,10,8,6,12,11
169,62.876,27.668,9.457,0.371,1.005,10,0.273,1.982,11,8,8,14,11
170,58.043,31.54,10.417,0.24,1.079,10,0.321,2.207,13,9,5,12,10
171,55.721,35.925,8.354,0.188,0.993,8,0.361,2.048,10,10,6,14,10
172,57.439,39.583,2.978,0.255,0.913,10,0.294,2.294,12,11,7,12,11
173,60.537,33.074,6.389,0.251,1.046,8,0.368,2.284,10,8,8,14,9
174,58.615,32.969,8.415,0.333,1.082,7,0.369,2.381,11,8,6,12,11
175,58.527,30.686,10.787,0.212,1.001,9,0.343,2.406,12,9,5,13,11
176,53.617,35.894,10.489,0.205,1.059,8,0.32,1.999,12,10,6,12,9
177,59.978,31.942,8.08,0.161,1.031,9,0.266,2.045,11,10,7,14,9
178,60.56,34.69,4.751,0.334,1.037,7,0.269,2.122,12,10,7,12,9
179,57.29,34.643,8.067,0.275,0.972,7,0.361,1.972,10,9,7,12,10
180,65.257,30.423,4.32,0.192,1.056,8,0.341,2.151,10,8,7,14,11
181,53.479,38.773,7.748,0.164,1.033,8,0.274,2.229,12,9,5,13,10
182,67.812,28.218,3.97,0.129,1.026,7,0.282,2.358,12,11,6,12,9
183,53.593,35.73,10.677,0.277,0.991,7,0.326,2.489,12,10,5,13,10
184,60.177,34.187,5.637,0.205,1.05,10,0.354,2.38,13,11,6,12,10
185,66.507,30.003,3.49,0.292,1.063,7,0.332,2.26,13,10,7,12,10
186,58.303,32.349,9.347,0.241,0.971,7,0.36,2.436,10,10,6,12,10
187,58.887,36.579,4.534,0.378,0.952,8,0.348,2.345,10,8,6,13,10
188,51.402,38.385,10.213,0.329,1.025,10,0.27,2.076,10,8,7,13,9
189,54.598,35.944,9.457,0.318,0.987,10,0.297,2.094,13,8,6,12,11
190,56.605,34.114,9.28,0.285,1.062,10,0.362,2.25,13,10,5,14,9
191,57.163,35.823,7.014,0.253,1.052,8,0.255,2.154,13,11,7,14,11
192,63.137,32.92,3.943,0.261,0.94,9,0.296,2.381,12,8,5,12,9
193,55.542,35.049,9.409,0.368,1.018,10,0.293,2.087,11,11,5,14,11
194,56.974,35.684,7.342,0.259,1.028,7,0.262,2.054,11,9,8,13,10
195,62.505,31.305,6.19,0.203,0.986,8,0.353,2.278,12,8,7,14,10
196,59.17,31.358,9.472,0.176,0.971,9,0.376,1.915,13,8,8,12,9
197,66.497,29.945,3.558,0.145,1.061,7,0.357,2.264,10,8,8,12,10
198,63.877,29.091,7.032,0.27,1.029,7,0.356,2.018,13,8,7,13,10
199,58.738,32.495,8.767,0.183,0.929,8,0.342,2.253,11,11,8,12,10
200,56.801,33.058,10.141,0.379,0.919,10,0.284,2.198,13,10,8,14,10
201,62.609,33.427,3.963,0.175,1.014,10,0.297,1.913,13,11,7,12,11
202,52.888,38.744,8.367,0.256,1.094,7,0.353,2.1,13,8,8,14,10
203,58.523,31.71,9.766,0.311,0.972,9,0.356,2.389,10,8,8,12,11
204,65.35,28.708,5.942,0.276,1.094,9,0.303,2.432,13,9,7,13,9
205,61.036,29.346,9.618,0.186,1.001,9,0.272,2.097,11,10,7,13,10
206,63.02,29.808,7.172,0.252,1.0,10,0.36,2.413,10,11,5,12,10
207,54.302,37.095,8.603,0.286,0.961,9,0.341,2.253,10,8,8,14,9
208,59.641,34.696,5.662,0.266,1.022,8,0.3,2.326,11,9,5,12,9
209,53.202,41.189,5.609,0.235,1.003,8,0.398,2.415,11,11,8,13,11
210,61.47,29.214,9.316,0.174,1.063,7,0.27,2.394,12,11,8,12,11
211,58.469,31.052,10.479,0.295,1.017,9,0.357,2.496,12,11,6,12,10
212,55.645,33.4,10.955,0.136,0.973,9,0.285,2.469,11,9,5,14,11
213,57.127,32.495,10.378,0.337,0.931,10,0.338,1.922,10,11,7,12,11
214,62.123,30.696,7.181,0.146,1.014,8,0.367,2.24,13,10,6,12,10
215,58.107,32.968,8.925,0.141,0.936,7,0.374,2.136,11,8,6,13,10
216,63.311,26.652,10.037,0.296,0.907,10,0.316,2.181,11,11,6,13,10
217,60.645,32.189,7.166,0.249,1.013,10,0.257,2.339,11,10,8,12,11
218,61.114,31.936,6.95,0.24,1.002,7,0.344,2.016,13,9,6,13,9
219,61.306,28.986,9.708,0.195,1.015,8,0.302,2.197,10,9,5,13,10
220,56.47,37.026,6.504,0.157,0.903,9,0.315,2.012,12,8,7,14,10
221,61.403,28.731,9.866,0.129,1.066,10,0.255,2.086,13,10,6,12,9
222,60.302,34.674,5.024,0.271,1.077,7,0.258,2.449,12,9,5,13,11
223,57.805,32.111,10.084,0.305,0.939,7,0.319,2.078,10,9,8,14,11
224,58.833,32.7,8.467,0.27,0.909,7,0.378,2.099,12,8,7,12,10
225,64.123,31.682,4.195,0.341,1.012,7,0.332,2.118,10,9,6,12,10
226,52.771,39.157,8.073,0.237,1.07,9,0.3,2.383,10,11,5,13,10
227,59.368,31.585,9.048,0.339,0.902,7,0.397,1.998,13,9,8,13,11
228,61.209,29.154,9.638,0.2,1.081,7,0.393,2.391,11,9,6,14,10
229,63.921,31.265,4.815,0.251,0.991,8,0.379,1.982,11,11,8,12,9
230,64.175,28.777,7.048,0.304,0.977,7,0.279,2.146,13,9,8,14,9
231,63.168,32.641,4.19,0.256,0.975,9,0.336,2.192,10,11,8,13,10
232,62.918,33.44,3.642,0.282,1.097,8,0.255,2.42,10,11,5,12,9
233,60.496,33.077,6.427,0.152,0.967,10,0.331,2.066,10,8,6,12,10
234,58.558,36.327,5.114,0.333,1.032,8,0.333,2.274,13,10,5,14,9
235,56.419,32.04,11.541,0.26,0.984,7,0.386,2.371,10,11,7,13,11
236,54.867,37.637,7.496,0.33,1.067,9,0.304,1.978,13,8,5,13,11
237,59.787,33.155,7.058,0.297,1.009,7,0.279,1.907,13,8,5,14,10
238,59.346,29.335,11.32,0.197,1.057,7,0.351,2.241,11,9,7,12,9
239,58.173,38.949,2.877,0.256,0.93,9,0.251,2.293,13,11,8,13,11
240,57.663,33.778,8.559,0.343,1.049,10,0.289,2.492,11,10,5,14,11
241,62.737,31.905,5.357,0.221,0.999,9,0.282,2.194,10,8,6,12,9
242,60.842,27.48,11.678,0.216,0.988,7,0.257,2.4,11,9,8,12,11
243,65.531,27.862,6.608,0.154,1.019,8,0.366,2.011,10,11,7,13,11
244,56.918,35.375,7.707,0.256,1.046,7,0.327,1.943,10,9,7,14,11
245,55.432,35.385,9.182,0.35,1.094,7,0.394,2.494,13,11,5,14,10
246,58.771,30.812,10.417,0.374,0.923,9,0.307,2.182,10,8,7,13,10
247,64.659,30.747,4.594,0.153,1.092,9,0.355,2.235,10,9,5,12,11
248,63.141,33.082,3.777,0.192,1.043,7,0.297,1.984,11,10,5,14,11
249,53.54,35.732,10.728,0.206,1.062,10,0.302,1.952,10,8,5,13,10
250,59.128,33.446,7.426,0.232,1.023,8,0.393,2.498,13,9,8,14,10
251,59.115,34.021,6.864,0.329,1.012,8,0.336,2.425,13,10,5,14,10
252,53.775,36.199,10.027,0.128,1.077,9,0.313,2.392,11,10,7,12,9
253,57.472,38.053,4.475,0.157,1.015,8,0.384,2.22,10,9,5,13,11
254,54.553,36.844,8.603,0.124,1.031,9,0.273,2.185,13,8,8,14,11
255,62.005,31.94,6.054,0.189,1.011,7,0.353,2.069,11,11,7,14,10
256,60.679,35.285,4.036,0.14,0.924,9,0.316,2.248,13,8,5,13,11
257,61.321,31.528,7.151,0.356,1.049,9,0.257,2.166,10,11,7,14,9
258,64.479,28.224,7.296,0.309,1.042,10,0.324,2.426,10,11,6,12,11
259,55.824,34.19,9.986,0.262,1.082,10,0.355,2.464,11,8,6,14,11
260,67.906,29.011,3.083,0.199,1.075,9,0.337,2.308,10,8,6,13,11
261,63.245,31.654,5.101,0.279,0.959,7,0.383,2.235,13,9,7,14,9
262,57.857,34.704,7.439,0.271,0.902,7,0.272,2.109,12,8,5,14,11
263,59.222,29.323,11.455,0.164,1.007,9,0.356,2.079,13,10,7,13,11
264,66.386,28.261,5.353,0.317,1.032,8,0.389,2.374,12,9,8,14,9
265,52.764,36.916,10.32,0.282,0.904,9,0.316,2.436,13,8,5,12,11
266,58.825,32.789,8.386,0.137,0.923,7,0.274,2.031,12,8,6,13,10
267,57.345,32.902,9.752,0.21,1.01,10,0.384,2.339,10,11,8,13,9
268,57.791,33.344,8.865,0.167,1.054,9,0.278,2.397,11,9,7,13,11
269,62.933,29.613,7.454,0.34,0.928,8,0.274,2.007,11,11,6,13,10
270,60.487,27.506,12.007,0.157,1.049,7,0.387,1.971,13,10,5,14,10
271,55.472,36.346,8.183,0.179,1.077,8,0.352,2.118,12,9,8,13,11
272,57.713,31.977,10.31,0.268,0.949,7,0.272,2.011,12,9,7,12,9
273,53.846,35.688,10.466,0.218,0.913,7,0.357,2.462,12,11,5,12,10
274,57.224,33.834,8.942,0.263,1.031,7,0.293,1.956,12,8,8,13,11
275,53.555,37.277,9.168,0.14,0.976,7,0.341,1.94,11,11,5,12,11
276,62.454,27.945,9.6,0.247,1.041,10,0.261,2.127,10,8,6,13,10
277,66.232,30.748,3.02,0.153,1.0,9,0.331,2.158,12,8,5,14,11
278,56.123,36.132,7.745,0.316,0.922,8,0.293,1.912,13,9,6,12,11
279,63.483,31.387,5.13,0.156,0.954,10,0.318,2.2,11,8,7,12,10
280,63.054,29.885,7.061,0.291,0.963,8,0.361,2.381,11,11,8,12,10
281,62.471,30.029,7.501,0.144,0.926,8,0.301,2.265,11,8,8,12,9
282,64.512,31.235,4.253,0.3,1.066,7,0.333,2.091,12,8,8,13,10
283,53.233,35.998,10.769,0.215,0.917,9,0.279,2.105,12,8,7,14,10
284,59.646,35.48,4.874,0.192,0.934,9,0.391,2.197,11,8,5,12,10
285,66.365,29.213,4.422,0.12,1.059,9,0.355,2.234,12,11,7,14,11
286,60.802,35.333,3.866,0.352,0.917,9,0.344,2.41,13,10,8,14,10
287,60.598,32.843,6.559,0.361,0.983,8,0.293,2.236,11,11,5,13,10
288,59.365,34.433,6.202,0.126,0.998,10,0.368,2.352,11,9,8,13,11
289,57.904,33.355,8.742,0.174,0.989,9,0.37,2.058,10,8,6,14,9
290,60.314,28.795,10.892,0.354,1.036,10,0.255,2.308,11,10,7,12,9
291,62.208,34.628,3.164,0.148,1.07,9,0.256,2.472,13,8,7,13,9
292,52.523,36.215,11.262,0.369,0.974,10,0.327,2.291,11,8,6,13,10
293,66.41,28.145,5.444,0.373,0.983,10,0.398,2.27,13,9,8,13,9
294,60.476,31.066,8.457,0.291,0.917,9,0.399,2.458,10,10,8,13,10
295,65.503,29.901,4.596,0.205,1.098,7,0.319,2.114,11,10,8,13,9
296,58.735,37.261,4.004,0.316,1.028,8,0.367,2.015,13,8,6,12,10
297,54.297,37.722,7.982,0.345,1.044,10,0.251,2.259,10,9,6,14,10
298,59.218,31.191,9.592,0.139,1.021,9,0.372,2.443,12,11,8,13,9
299,59.659,36.687,3.654,0.334,1.003,10,0.386,2.129,10,10,6,13,10
300,54.525,37.186,8.29,0.266,1.019,9,0.316,2.328,10,11,5,14,10
301,60.591,31.028,8.381,0.163,0.928,9,0.363,2.354,10,10,8,12,11
302,56.209,38.753,5.038,0.346,1.07,9,0.253,2.191,10,10,6,12,11
303,58.289,31.002,10.71,0.258,0.971,8,0.364,2.042,11,8,5,12,9
304,53.385,42.556,4.059,0.157,1.013,8,0.396,2.328,12,9,8,13,10
305,57.511,36.462,6.027,0.29,0.94,9,0.343,2.161,13,9,7,14,9
306,59.519,31.887,8.595,0.199,0.948,10,0.367,2.219,10,11,5,14,11
307,63.864,32.084,4.053,0.283,0.95,8,0.375,2.288,10,10,6,13,9
308,61.596,30.121,8.283,0.214,0.936,7,0.25,2.012,10,10,6,13,9
309,53.966,38.138,7.896,0.346,0.977,9,0.251,2.299,12,11,8,14,11
310,55.398,33.983,10.619,0.266,1.06,9,0.35,2.181,13,10,7,13,10
311,63.046,33.482,3.472,0.254,1.074,8,0.398,2.036,13,11,6,13,11
312,58.817,36.31,4.873,0.325,1.056,9,0.283,2.353,10,9,8,13,11
313,55.644,32.966,11.39,0.251,0.909,10,0.291,1.968,13,8,5,13,10
314,53.396,41.656,4.948,0.211,0.926,8,0.355,2.099,11,10,5,12,9
315,57.475,35.427,7.097,0.155,0.97,8,0.281,2.004,13,11,7,13,10
316,62.367,31.09,6.543,0.211,0.941,8,0.365,2.174,11,10,6,13,11
317,59.214,31.661,9.125,0.124,0.963,10,0.339,1.907,10,9,5,14,11
318,57.217,36.38,6.403,0.127,1.079,10,0.384,2.184,12,10,8,13,10
319,57.594,34.839,7.567,0.149,1.065,10,0.282,2.09,10,10,5,13,10
320,56.341,34.492,9.168,0.134,1.088,7,0.31,2.481,12,8,6,12,9
321,55.301,34.258,10.441,0.198,1.076,7,0.339,2.346,10,8,6,12,11
322,60.385,33.972,5.643,0.156,0.913,10,0.319,2.224,12,10,5,14,10
323,56.781,37.278,5.941,0.349,1.04,9,0.26,1.957,13,10,7,13,9
324,59.555,33.337,7.108,0.356,1.011,8,0.397,2.359,13,11,6,13,11
325,57.066,36.816,6.118,0.322,0.979,8,0.366,1.982,12,10,8,12,11
326,62.544,31.543,5.913,0.27,1.089,8,0.277,2.107,10,11,6,13,9
327,59.159,28.711,12.13,0.238,1.023,8,0.272,1.995,12,10,5,13,10
328,56.778,35.874,7.348,0.285,1.023,10,0.32,2.089,11,11,8,13,9
329,65.217,30.013,4.77,0.362,0.982,10,0.378,2.242,10,11,7,13,9
330,55.157,35.005,9.838,0.193,0.964,10,0.304,2.418,11,8,7,12,9
331,58.954,34.052,6.993,0.221,1.039,9,0.365,2.171,13,11,6,12,9
332,53.725,36.956,9.319,0.131,1.051,7,0.298,2.383,12,8,8,14,10
333,60.254,29.232,10.515,0.298,1.053,10,0.331,2.296,12,9,5,14,10
334,57.313,34.368,8.319,0.308,0.979,7,0.381,2.342,12,11,8,14,11
335,55.387,36.594,8.02,0.358,0.931,8,0.324,2.162,10,8,7,14,11
336,58.419,33.305,8.276,0.194,1.096,10,0.394,2.08,12,11,5,13,11
337,57.628,35.546,6.826,0.237,1.035,9,0.371,2.167,13,9,5,12,10
338,54.355,40.844,4.801,0.21,1.035,9,0.359,2.474,10,8,7,12,9
339,60.164,29.766,10.07,0.195,0.948,10,0.29,2.155,13,8,7,14,10
340,59.372,30.388,10.24,0.359,1.045,10,0.26,2.416,13,8,7,14,10
341,66.593,29.399,4.008,0.181,0.929,8,0.281,2.039,10,10,8,13,10
342,54.948,34.134,10.918,0.334,0.955,8,0.393,2.128,11,10,5,14,10
343,64.174,28.075,7.751,0.185,0.929,10,0.39,2.116,11,11,7,12,10
344,55.251,41.23,3.519,0.233,0.907,7,0.32,2.487,11,8,7,12,11
345,61.715,33.361,4.924,0.152,1.035,9,0.357,2.445,11,11,8,12,9
346,56.153,34.699,9.149,0.356,1.081,9,0.301,2.101,11,11,5,12,11
347,55.939,33.907,10.154,0.18,0.915,8,0.345,2.108,11,10,8,12,10
348,57.136,34.871,7.993,0.167,1.08,9,0.325,2.319,12,11,5,14,9
349,58.771,37.645,3.583,0.239,0.965,8,0.319,2.051,12,11,5,12,9
350,60.652,33.09,6.258,0.248,1.074,10,0.319,2.469,10,11,8,12,11
351,60.364,30.995,8.641,0.243,0.956,8,0.275,2.061,12,9,7,13,9
352,58.189,32.228,9.584,0.24,0.92,10,0.382,2.339,12,10,8,14,11
353,63.644,31.71,4.645,0.28,0.947,10,0.386,2.154,11,9,5,14,10
354,56.794,33.744,9.462,0.201,1.085,10,0.328,2.168,10,11,6,12,9
355,66.213,29.454,4.333,0.182,1.018,8,0.267,2.059,11,11,7,12,11
356,59.369,31.018,9.613,0.301,0.905,9,0.301,2.076,12,8,7,14,10
357,54.846,38.1,7.054,0.249,1.005,7,0.309,2.314,11,9,7,13,10
358,52.964,38.529,8.507,0.189,1.098,7,0.378,2.253,12,11,8,12,10
359,63.001,32.96,4.039,0.131,1.064,10,0.313,2.381,13,8,6,12,10
360,58.838,30.675,10.487,0.247,1.027,10,0.347,2.268,12,10,7,13,9
361,54.688,34.581,10.731,0.291,0.985,9,0.303,1.955,10,8,5,12,11
362,56.618,32.659,10.722,0.248,0.97,8,0.279,2.424,11,10,6,14,10
363,57.64,32.989,9.371,0.311,1.061,7,0.386,2.157,13,9,5,13,10
364,62.757,31.227,6.016,0.281,1.039,10,0.347,2.093,12,11,8,12,11
365,52.739,35.62,11.641,0.257,1.008,7,0.339,2.269,12,9,8,13,11
366,60.191,31.958,7.851,0.157,1.078,9,0.396,2.317,11,9,6,14,10
367,61.469,34.808,3.723,0.256,1.011,9,0.382,2.403,10,8,7,12,10
368,56.199,34.543,9.258,0.2,0.945,7,0.331,1.923,13,8,6,13,9
369,54.915,34.972,10.113,0.233,1.052,10,0.295,2.398,10,10,5,14,11
370,59.802,30.665,9.532,0.323,0.942,10,0.261,2.055,13,8,6,12,9
371,54.926,40.348,4.727,0.357,1.027,9,0.38,1.935,13,8,8,13,11
372,57.403,33.806,8.791,0.366,1.041,8,0.314,2.33,12,11,5,13,9
373,57.757,38.472,3.771,0.368,0.926,9,0.309,2.437,12,11,5,12,10
374,60.568,35.072,4.36,0.214,1.092,10,0.337,1.933,11,8,6,12,9
375,58.126,34.863,7.012,0.147,1.068,9,0.362,2.323,12,8,5,14,9
376,63.433,29.458,7.109,0.302,1.092,8,0.29,2.172,11,9,7,12,11
377,57.613,38.144,4.243,0.35,0.954,7,0.261,2.347,10,11,6,13,9
378,55.84,33.103,11.057,0.298,0.975,7,0.253,2.311,13,9,6,13,11
379,61.935,28.547,9.518,0.138,1.005,8,0.286,2.011,13,9,5,13,9
380,53.748,36.211,10.04,0.354,0.918,10,0.329,1.959,11,10,7,12,9
381,49.505,39.574,10.921,0.257,1.009,10,0.267,2.149,13,11,7,14,11
382,57.553,31.15,11.297,0.274,0.997,8,0.27,2.262,12,9,8,12,11
383,57.296,32.611,10.093,0.34,1.001,7,0.333,2.489,12,10,8,12,10
384,51.373,38.471,10.156,0.188,0.997,7,0.325,2.241,12,10,6,13,10
385,57.948,36.726,5.326,0.15,1.04,10,0.322,2.261,13,11,7,13,11
386,53.995,39.671,6.334,0.166,0.999,7,0.29,2.373,10,10,7,12,9
387,54.683,42.109,3.208,0.343,1.069,10,0.368,1.971,13,8,7,14,10
388,54.183,39.734,6.083,0.357,1.096,9,0.346,2.164,12,10,6,13,9
389,59.376,32.205,8.419,0.245,1.08,8,0.392,2.122,11,11,6,13,9
390,64.1,32.011,3.889,0.172,1.047,10,0.398,2.266,13,9,7,12,9
391,55.048,36.236,8.716,0.158,1.06,9,0.364,2.376,13,9,7,12,11
392,58.536,31.362,10.102,0.159,0.956,8,0.355,2.246,13,11,6,14,10
393,62.094,28.613,9.293,0.215,0.923,7,0.343,1.981,12,11,5,12,11
394,61.231,31.658,7.111,0.287,1.021,8,0.315,2.141,13,11,8,12,11
395,57.971,37.924,4.104,0.224,0.933,7,0.304,2.329,10,11,7,13,9
396,56.546,35.263,8.191,0.211,1.073,10,0.381,2.052,11,10,5,14,10
397,61.718,27.853,10.429,0.125,1.081,9,0.384,2.028,12,9,5,14,11
398,63.498,31.252,5.25,0.272,0.92,8,0.32,2.059,11,9,6,13,10
399,61.456,30.298,8.247,0.259,0.993,8,0.302,2.468,11,9,6,13,11
400,58.612,31.178,10.21,0.342,1.091,9,0.359,1.919,12,11,8,13,9
401,60.886,34.117,4.997,0.316,1.066,10,0.277,2.485,11,11,7,14,9
402,64.016,31.149,4.835,0.347,0.926,8,0.291,2.412,11,10,7,14,11
403,59.096,37.597,3.307,0.195,1.045,10,0.292,2.156,13,8,5,12,11
404,58.513,32.521,8.966,0.133,0.908,8,0.3,2.299,13,8,8,13,9
405,61.357,29.826,8.817,0.377,0.944,10,0.306,2.242,13,10,5,13,11
406,64.536,29.053,6.411,0.208,1.05,9,0.374,2.293,11,11,6,12,11
407,58.952,34.854,6.195,0.335,0.901,9,0.326,1.988,12,10,8,14,10
408,61.093,32.913,5.993,0.31,1.076,9,0.312,2.485,12,9,8,12,11
409,58.666,33.164,8.17,0.328,1.062,8,0.387,2.277,12,10,8,13,11
410,52.779,35.402,11.819,0.21,1.007,9,0.335,1.99,11,11,7,14,9
411,60.85,34.146,5.004,0.255,0.975,10,0.295,2.181,10,11,8,14,10
412,59.205,30.866,9.929,0.247,1.077,10,0.27,2.42,10,10,8,14,10
413,64.344,31.656,4.0,0.303,0.936,10,0.383,2.219,10,9,8,12,9
414,54.851,35.683,9.466,0.148,1.047,8,0.252,2.214,13,10,7,13,10
415,58.943,34.473,6.584,0.279,0.92,9,0.399,2.341,13,10,6,13,9
416,61.533,30.716,7.751,0.325,1.046,8,0.302,2.131,12,11,8,13,11
417,61.092,34.447,4.462,0.121,1.003,9,0.368,2.028,13,11,5,12,11
418,55.325,37.984,6.69,0.282,0.975,9,0.371,2.203,11,10,8,12,9
419,60.815,34.017,5.168,0.338,1.042,7,0.392,2.375,12,11,7,13,11
420,61.447,30.323,8.229,0.187,1.08,9,0.258,2.405,11,10,6,14,10
421,60.205,29.099,10.696,0.355,0.905,8,0.29,2.083,12,10,7,13,11
422,57.031,33.638,9.331,0.173,0.908,10,0.381,1.943,12,9,6,13,9
423,61.115,33.494,5.391,0.189,0.944,9,0.283,2.214,12,11,7,13,9
424,62.142,31.181,6.677,0.128,0.972,7,0.345,2.386,13,9,7,12,9
425,62.815,33.005,4.18,0.169,0.961,7,0.259,1.95,13,10,8,12,11
426,58.102,37.821,4.077,0.226,1.011,7,0.305,2.415,11,10,5,12,9
427,54.36,39.877,5.763,0.193,0.917,8,0.312,2.341,12,11,7,12,9
428,52.098,37.998,9.904,0.312,0.965,9,0.332,2.115,10,8,6,12,10
429,55.677,38.814,5.51,0.296,1.016,9,0.274,2.361,11,11,5,14,9
430,61.212,27.506,11.282,0.369,0.921,9,0.313,2.315,13,9,5,12,9
431,54.905,36.807,8.288,0.214,1.044,8,0.375,2.482,10,10,5,14,11
432,64.242,31.986,3.772,0.248,1.056,9,0.304,2.229,13,9,8,12,10
433,62.587,29.477,7.936,0.348,0.944,8,0.351,2.095,13,10,7,13,11
434,65.725,29.589,4.686,0.191,1.038,8,0.253,2.396,10,11,7,12,10
435,57.626,37.501,4.873,0.348,0.958,7,0.345,2.327,12,10,6,12,11
436,61.319,28.973,9.708,0.299,1.093,9,0.344,2.055,13,11,6,12,11
437,65.493,29.386,5.121,0.375,1.051,10,0.319,2.063,12,9,6,13,10
438,61.536,28.573,9.891,0.278,1.021,8,0.289,2.181,12,9,5,13,9
439,57.42,36.526,6.053,0.293,1.075,7,0.347,2.306,12,9,7,12,11
440,52.805,39.727,7.467,0.331,0.91,7,0.37,2.136,10,8,6,13,10
441,53.419,38.033,8.547,0.146,1.029,8,0.329,2.14,12,11,8,13,10
442,54.078,35.466,10.456,0.124,0.924,8,0.292,2.373,12,10,5,13,9
443,59.476,33.168,7.356,0.304,0.909,10,0.342,2.077,10,9,7,14,10
444,50.253,39.064,10.683,0.166,0.996,9,0.346,2.125,13,10,6,12,9
445,56.938,32.901,10.161,0.306,1.069,10,0.312,2.067,11,9,6,12,9
446,59.07,35.145,5.784,0.151,0.943,9,0.392,2.251,13,9,6,13,10
447,52.962,37.654,9.384,0.329,0.935,7,0.368,2.086,13,8,7,14,11
448,59.719,31.204,9.076,0.335,1.097,9,0.384,2.286,11,11,7,13,9
449,55.334,34.885,9.781,0.31,1.007,9,0.369,2.063,11,9,6,12,10
450,57.058,34.244,8.698,0.249,1.001,7,0.345,2.435,12,9,8,12,10
451,54.967,35.392,9.64,0.287,0.938,7,0.263,2.393,11,11,7,14,9
452,60.035,30.231,9.734,0.257,1.057,9,0.358,1.978,10,10,8,14,9
453,63.667,33.288,3.046,0.151,0.99,9,0.399,2.21,10,11,8,12,9
454,62.573,29.439,7.987,0.328,0.979,9,0.348,2.44,10,9,7,13,9
455,59.484,30.744,9.772,0.216,1.08,8,0.359,2.135,11,8,7,13,9
456,58.027,32.57,9.403,0.344,1.009,9,0.352,2.391,13,11,7,14,9
457,56.344,40.172,3.483,0.285,0.982,10,0.336,2.401,11,8,8,14,11
458,64.622,31.888,3.491,0.146,1.082,7,0.296,1.957,13,10,7,13,9
459,56.357,33.871,9.772,0.142,1.067,7,0.301,2.284,13,9,6,13,9
460,60.187,36.232,3.581,0.128,0.9,9,0.277,2.427,13,9,6,14,10
461,57.889,36.074,6.036,0.326,0.908,10,0.293,2.33,11,11,7,12,11
462,62.84,30.764,6.395,0.279,0.95,10,0.384,1.943,11,11,7,12,10
463,62.252,32.435,5.313,0.32,1.067,8,0.32,2.263,12,8,8,12,10
464,59.709,34.432,5.859,0.256,0.927,7,0.347,2.313,13,10,5,12,9
465,67.521,29.222,3.257,0.251,1.03,10,0.264,2.355,11,10,6,14,10
466,55.186,35.912,8.902,0.368,1.063,9,0.372,2.235,12,8,8,13,9
467,57.354,38.33,4.316,0.315,0.91,8,0.257,1.931,11,10,8,14,10
468,62.248,31.577,6.175,0.344,0.948,9,0.388,1.946,12,8,5,13,10
469,53.383,36.532,10.085,0.364,1.044,8,0.36,2.023,12,10,6,14,11
470,61.747,34.722,3.531,0.132,1.058,7,0.307,2.489,10,11,7,14,11
471,60.748,34.507,4.744,0.212,1.014,8,0.266,2.039,10,10,7,14,9
472,54.937,35.615,9.447,0.139,1.095,10,0.384,2.209,10,10,6,14,9
473,56.436,34.837,8.727,0.126,0.948,9,0.4,2.098,13,10,8,14,9
474,57.711,36.093,6.195,0.345,1.078,9,0.347,2.34,11,11,8,13,11
475,60.577,36.591,2.832,0.222,0.91,10,0.265,2.17,10,8,6,13,9
476,58.985,36.151,4.864,0.139,0.926,7,0.267,2.363,11,8,6,13,10
477,55.573,34.444,9.983,0.17,1.027,7,0.273,2.46,12,10,6,13,9
478,61.28,30.273,8.447,0.362,1.072,10,0.291,1.924,12,10,5,12,10
479,63.074,33.245,3.68,0.136,0.941,7,0.311,2.481,13,8,6,14,10
480,62.393,32.583,5.023,0.139,0.942,10,0.343,2.368,12,10,6,13,10
481,55.011,37.792,7.197,0.142,1.017,10,0.344,2.193,10,10,5,13,10
482,61.805,26.816,11.378,0.122,1.056,9,0.259,2.329,10,8,8,13,11
483,59.691,33.395,6.914,0.322,1.001,10,0.25,2.081,11,11,7,14,10
484,58.028,32.474,9.498,0.327,0.957,10,0.29,2.201,12,11,7,14,11
485,67.815,27.344,4.84,0.311,0.933,9,0.284,2.259,12,9,8,14,11
486,56.512,34.643,8.845,0.25,0.98,7,0.351,2.142,13,8,8,12,11
487,62.741,33.647,3.612,0.133,0.902,7,0.273,2.352,12,9,5,13,10
488,60.939,33.76,5.301,0.323,0.939,9,0.398,2.37,13,11,7,14,10
489,58.484,37.379,4.138,0.306,0.95,10,0.35,2.486,10,10,7,14,9
490,55.227,32.5,12.273,0.257,0.995,8,0.342,2.438,13,11,8,12,11
491,62.898,33.516,3.586,0.198,0.983,10,0.39,2.345,10,9,8,12,10
492,65.12,27.203,7.677,0.332,0.913,10,0.384,2.388,10,10,8,14,11
493,61.748,32.541,5.711,0.295,0.958,9,0.329,2.296,13,8,7,12,10
494,60.159,34.248,5.594,0.191,1.001,9,0.272,2.21,13,10,5,14,9
495,59.356,33.973,6.672,0.341,0.938,10,0.296,2.4,10,11,6,12,10
496,58.103,35.75,6.147,0.205,0.983,10,0.334,2.261,11,11,6,14,10
497,59.543,31.936,8.521,0.276,0.98,10,0.274,2.181,11,8,7,13,9
498,59.759,33.001,7.24,0.276,0.963,9,0.303,1.927,12,8,6,12,11
499,60.539,33.785,5.676,0.122,1.041,7,0.395,2.279,11,10,5,14,10
500,62.983,31.35,5.667,0.281,1.02,9,0.363,1.977,10,8,6,14,11
501,63.809,31.363,4.828,0.287,0.928,8,0.391,1.968,12,10,8,13,11
502,57.307,35.081,7.611,0.166,1.095,7,0.267,1.957,13,8,7,12,10
503,62.071,29.154,8.775,0.221,1.006,10,0.359,2.079,13,10,7,12,10
504,56.314,33.037,10.649,0.333,1.013,8,0.371,2.297,12,10,5,13,9
505,52.145,41.155,6.7,0.221,1.075,8,0.343,1.927,12,9,7,12,11
506,57.015,30.986,11.998,0.238,0.987,8,0.259,2.15,13,10,7,13,10
507,56.76,38.372,4.868,0.321,0.907,9,0.373,2.212,10,9,7,12,10
508,62.727,33.387,3.886,0.368,0.986,7,0.276,2.052,13,9,6,12,10
509,58.451,30.93,10.618,0.217,1.043,7,0.303,2.179,12,10,6,12,10
510,63.723,28.7,7.577,0.28,1.094,10,0.3,2.034,13,8,6,13,10
511,62.5,29.649,7.851,0.166,1.008,8,0.321,2.39,13,9,6,14,11
512,58.783,34.68,6.537,0.215,0.96,8,0.31,2.298,12,9,8,13,9
513,60.0,35.812,4.187,0.268,0.946,7,0.323,2.057,10,10,5,13,9
514,62.565,26.892,10.543,0.351,1.069,10,0.378,2.341,13,9,6,12,10
515,62.882,29.393,7.725,0.163,1.079,7,0.281,2.091,13,9,6,13,11
516,60.193,33.63,6.178,0.129,0.993,7,0.298,2.054,13,9,8,13,10
517,61.594,29.952,8.454,0.301,1.081,10,0.283,2.182,10,9,7,12,9
518,63.505,32.52,3.975,0.282,0.967,8,0.254,2.466,12,9,7,14,9
519,64.135,29.404,6.461,0.198,1.012,10,0.272,2.287,12,10,5,13,9
520,60.947,31.242,7.811,0.248,1.092,8,0.298,2.133,10,10,7,12,9
521,53.622,37.123,9.255,0.271,1.048,8,0.361,2.308,12,9,5,12,10
522,60.788,29.489,9.723,0.238,0.913,10,0.299,2.129,12,8,7,13,9
523,55.841,40.391,3.768,0.182,1.011,8,0.318,2.065,11,11,7,13,11
524,61.169,27.372,11.46,0.374,0.99,10,0.261,2.165,11,11,8,13,11
525,59.387,35.579,5.034,0.179,1.023,10,0.313,2.026,13,8,6,14,9
