rank,manager,season,league,round,overall_pick,player,position,position_finish_total,position_finish_ppg,fantasy_points_ppr,ppg,games_played,defining_pick
1,luke ahlenius,2014,Shiva,1,4,Matt Forte,RB,3,4,346.6,21.66,16,1
1,luke ahlenius,2014,Shiva,2,13,DeMarco Murray,RB,2,3,351.1,21.94,16,1
1,luke ahlenius,2014,Shiva,3,20,Dez Bryant,WR,4,6,316.0,19.75,16,1
1,luke ahlenius,2014,Shiva,4,29,Andre Johnson,WR,28,31,190.6,12.71,15,0
1,luke ahlenius,2014,Shiva,5,36,Giovani Bernard,RB,18,14,187.9,14.45,13,1
1,luke ahlenius,2014,Shiva,6,45,DeSean Jackson,WR,23,20,209.6,13.97,15,0
1,luke ahlenius,2014,Shiva,7,52,Tom Brady,QB,9,11,278.06,17.38,16,0
1,luke ahlenius,2014,Shiva,8,61,Greg Olsen,TE,5,5,220.8,13.8,16,1
1,luke ahlenius,2014,Shiva,9,68,Andre Ellington,RB,19,12,177.5,14.79,12,0
1,luke ahlenius,2014,Shiva,10,77,Joique Bell,RB,13,17,198.2,13.21,15,1
1,luke ahlenius,2014,Shiva,11,84,Marques Colston,WR,36,36,177.2,11.81,15,0
1,luke ahlenius,2014,Shiva,12,93,Danny Amendola,WR,103,128,53.0,3.53,15,0
1,luke ahlenius,2014,Shiva,13,100,Maurice Jones-Drew,RB,90,105,27.7,2.52,11,0
1,luke ahlenius,2014,Shiva,14,109,Tony Romo,QB,11,9,266.3,17.75,15,0
1,luke ahlenius,2014,Shiva,15,116,Chiefs D/ST,D/ST,,,,,,0
1,luke ahlenius,2014,Shiva,16,125,Phil Dawson,K,,,,,,0
2,Jacob Barton,2022,Shiva,1,4,Austin Ekeler,RB,1,1,372.7,21.92,17,1
2,Jacob Barton,2022,Shiva,2,17,CeeDee Lamb,WR,5,7,301.6,17.74,17,1
2,Jacob Barton,2022,Shiva,3,24,Javonte Williams,RB,81,33,42.0,10.5,4,0
2,Jacob Barton,2022,Shiva,4,37,Tee Higgins,WR,19,13,220.9,15.78,14,0
2,Jacob Barton,2022,Shiva,5,44,Travis Etienne Jr.,RB,17,24,205.1,12.06,17,0
2,Jacob Barton,2022,Shiva,6,57,Courtland Sutton,WR,43,45,159.4,10.63,15,0
2,Jacob Barton,2022,Shiva,7,64,Amon-Ra St. Brown,WR,7,11,267.6,16.73,16,1
2,Jacob Barton,2022,Shiva,8,77,Jalen Hurts,QB,3,1,378.04,25.2,15,1
2,Jacob Barton,2022,Shiva,9,84,Rhamondre Stevenson,RB,7,11,249.1,14.65,17,1
2,Jacob Barton,2022,Shiva,10,97,Cole Kmet,TE,8,17,147.3,8.66,17,1
2,Jacob Barton,2022,Shiva,11,104,Michael Carter,RB,40,54,126.0,7.88,16,0
2,Jacob Barton,2022,Shiva,12,117,Browns D/ST,D/ST,,,,,,0
2,Jacob Barton,2022,Shiva,13,124,Garrett Wilson,WR,21,31,215.7,12.69,17,0
2,Jacob Barton,2022,Shiva,14,137,Jarvis Landry,WR,105,90,60.2,6.69,9,0
2,Jacob Barton,2022,Shiva,15,144,J.D. McKissic,RB,68,58,55.8,6.98,8,0
2,Jacob Barton,2022,Shiva,16,157,Tyler Bass,K,,,,,,0
3,Chris H,2024,Shiva,1,5,Tyreek Hill,WR,18,34,218.2,12.84,17,1
3,Chris H,2024,Shiva,2,16,Jahmyr Gibbs,RB,1,2,362.9,21.35,17,1
3,Chris H,2024,Shiva,3,25,Alvin Kamara,RB,9,5,265.3,18.95,14,1
3,Chris H,2024,Shiva,4,36,De'Von Achane,RB,5,6,299.9,17.64,17,1
3,Chris H,2024,Shiva,5,45,DJ Moore,WR,16,29,238.1,14.01,17,1
3,Chris H,2024,Shiva,6,56,Lamar Jackson,QB,1,1,430.38,25.32,17,1
3,Chris H,2024,Shiva,7,65,Diontae Johnson,WR,86,76,89.1,8.1,11,0
3,Chris H,2024,Shiva,8,76,Kyle Pitts,TE,15,23,131.2,7.72,17,0
3,Chris H,2024,Shiva,9,85,Kyler Murray,QB,10,14,297.24,17.48,17,0
3,Chris H,2024,Shiva,10,96,Jonathon Brooks,RB,110,98,7.5,2.5,3,0
3,Chris H,2024,Shiva,11,105,Ravens D/ST,D/ST,,,,,,0
3,Chris H,2024,Shiva,12,116,Marquise Brown,WR,145,63,18.1,9.05,2,0
3,Chris H,2024,Shiva,13,125,J.K. Dobbins,RB,24,18,191.8,14.75,13,0
3,Chris H,2024,Shiva,14,136,Jaylen Wright,RB,92,104,26.7,2.05,13,0
3,Chris H,2024,Shiva,15,145,Ka'imi Fairbairn,K,,,,,,0
3,Chris H,2024,Shiva,16,156,Tua Tagovailoa,QB,21,16,181.58,16.51,11,0
4,Jason Hewitt,2017,Shiva,1,3,Le'Veon Bell,RB,2,2,343.4,22.89,15,1
4,Jason Hewitt,2017,Shiva,2,18,Todd Gurley,RB,1,1,383.3,25.55,15,1
4,Jason Hewitt,2017,Shiva,3,23,Rob Gronkowski,TE,2,1,227.4,17.49,13,1
4,Jason Hewitt,2017,Shiva,4,38,Alshon Jeffery,WR,21,25,195.9,12.24,16,1
4,Jason Hewitt,2017,Shiva,5,43,Larry Fitzgerald,WR,4,6,261.44,16.34,16,1
4,Jason Hewitt,2017,Shiva,6,58,Joe Mixon,RB,34,30,141.3,10.09,14,0
4,Jason Hewitt,2017,Shiva,7,63,Allen Robinson,WR,188,144,2.7,2.7,1,0
4,Jason Hewitt,2017,Shiva,8,78,Brandon Marshall,WR,123,75,33.4,6.68,5,0
4,Jason Hewitt,2017,Shiva,9,83,Marcus Mariota,QB,18,24,210.48,14.03,15,0
4,Jason Hewitt,2017,Shiva,10,98,Willie Snead,WR,145,154,17.2,2.15,8,0
4,Jason Hewitt,2017,Shiva,11,103,Chris Hogan,WR,62,26,109.6,12.18,9,0
4,Jason Hewitt,2017,Shiva,12,118,Falcons D/ST,D/ST,,,,,,0
4,Jason Hewitt,2017,Shiva,13,123,Thomas Rawls,RB,88,97,32.1,3.57,9,0
4,Jason Hewitt,2017,Shiva,14,138,Corey Coleman,WR,90,70,65.5,7.28,9,0
4,Jason Hewitt,2017,Shiva,15,143,Latavius Murray,RB,25,33,157.5,9.84,16,1
4,Jason Hewitt,2017,Shiva,16,158,Cairo Santos,K,,,,,,0
5,Nick Chipchase,2021,Shiva,1,10,Jonathan Taylor,RB,1,2,373.1,21.95,17,1
5,Nick Chipchase,2021,Shiva,2,11,Nick Chubb,RB,13,12,215.3,15.38,14,0
5,Nick Chipchase,2021,Shiva,3,30,Miles Sanders,RB,45,42,117.2,9.77,12,0
5,Nick Chipchase,2021,Shiva,4,31,Keenan Allen,WR,11,13,257.8,16.11,16,1
5,Nick Chipchase,2021,Shiva,5,50,Cooper Kupp,WR,1,1,439.5,25.85,17,1
5,Nick Chipchase,2021,Shiva,6,51,Odell Beckham Jr.,WR,55,61,129.1,9.22,14,0
5,Nick Chipchase,2021,Shiva,7,70,Tee Higgins,WR,24,14,219.1,15.65,14,0
5,Nick Chipchase,2021,Shiva,8,71,Melvin Gordon,RB,20,24,195.1,12.19,16,0
5,Nick Chipchase,2021,Shiva,9,90,Noah Fant,TE,12,15,159.0,9.94,16,0
5,Nick Chipchase,2021,Shiva,10,91,Ja'Marr Chase,WR,5,6,304.6,17.92,17,1
5,Nick Chipchase,2021,Shiva,11,110,Ronald Jones II,RB,62,82,79.2,5.28,15,0
5,Nick Chipchase,2021,Shiva,12,111,Matthew Stafford,QB,6,11,329.74,19.4,17,1
5,Nick Chipchase,2021,Shiva,13,130,DJ Chark Jr.,WR,135,43,34.4,11.47,3,0
5,Nick Chipchase,2021,Shiva,14,131,Joe Burrow,QB,8,10,314.24,19.64,16,1
5,Nick Chipchase,2021,Shiva,15,150,Broncos D/ST,D/ST,,,,,,0
5,Nick Chipchase,2021,Shiva,16,151,Tyler Bass,K,,,,,,0
6,Chris H,2023,Shiva,1,5,Christian McCaffrey,RB,1,1,391.3,24.46,16,1
6,Chris H,2023,Shiva,2,16,CeeDee Lamb,WR,1,1,403.2,23.72,17,1
6,Chris H,2023,Shiva,3,25,Jalen Hurts,QB,2,3,356.82,20.99,17,1
6,Chris H,2023,Shiva,4,36,Keenan Allen,WR,8,3,278.86,21.45,13,1
6,Chris H,2023,Shiva,5,45,Calvin Ridley,WR,18,28,229.9,13.52,17,0
6,Chris H,2023,Shiva,6,56,Diontae Johnson,WR,45,41,152.7,11.75,13,0
6,Chris H,2023,Shiva,7,65,Javonte Williams,RB,29,33,179.2,11.2,16,0
6,Chris H,2023,Shiva,8,76,J.K. Dobbins,RB,106,29,11.7,11.7,1,0
6,Chris H,2023,Shiva,9,85,Michael Pittman Jr.,WR,13,16,250.2,15.64,16,1
6,Chris H,2023,Shiva,10,96,Raheem Mostert,RB,5,4,267.7,17.85,15,1
6,Chris H,2023,Shiva,11,105,Cole Kmet,TE,8,8,181.1,11.32,16,0
6,Chris H,2023,Shiva,12,116,Quentin Johnston,WR,74,94,94.0,5.53,17,0
6,Chris H,2023,Shiva,13,125,Saints D/ST,D/ST,,,,,,0
6,Chris H,2023,Shiva,14,136,Kirk Cousins,QB,24,8,149.74,18.72,8,0
6,Chris H,2023,Shiva,15,145,Zach Ertz,TE,43,21,51.7,7.39,7,0
6,Chris H,2023,Shiva,16,156,Graham Gano,K,,,,,,0
7,Chris H,2025,Shiva,1,7,Christian McCaffrey,RB,1,1,416.6,24.51,17,1
7,Chris H,2025,Shiva,2,14,Chase Brown,RB,7,7,282.6,16.62,17,1
7,Chris H,2025,Shiva,3,27,Josh Allen,QB,1,1,364.62,22.79,16,1
7,Chris H,2025,Shiva,4,34,Omarion Hampton,RB,35,13,135.7,15.08,9,0
7,Chris H,2025,Shiva,5,47,Tetairoa McMillan,WR,16,25,211.4,12.44,17,0
7,Chris H,2025,Shiva,6,54,DJ Moore,WR,35,46,170.18,10.01,17,0
7,Chris H,2025,Shiva,7,67,Rashee Rice,WR,40,5,150.1,18.76,8,0
7,Chris H,2025,Shiva,8,74,Stefon Diggs,WR,17,26,210.3,12.37,17,0
7,Chris H,2025,Shiva,9,87,Emeka Egbuka,WR,23,36,195.7,11.51,17,0
7,Chris H,2025,Shiva,10,94,Tyler Warren,TE,4,10,188.5,11.09,17,1
7,Chris H,2025,Shiva,11,107,Travis Etienne Jr.,RB,10,14,253.9,14.94,17,1
7,Chris H,2025,Shiva,12,114,Texans D/ST,D/ST,,,,,,0
7,Chris H,2025,Shiva,13,127,Jaydon Blue,RB,91,77,20.4,4.08,5,0
7,Chris H,2025,Shiva,14,134,Chris Boswell,K,,,,,,0
7,Chris H,2025,Shiva,15,147,Braelon Allen,RB,95,81,15.3,3.83,4,0
7,Chris H,2025,Shiva,16,154,Jake Ferguson,TE,5,11,188.1,11.06,17,1
8,Rob Derrig,2021,Shiva 2.0,1,9,Austin Ekeler,RB,2,3,343.8,21.49,16,1
8,Rob Derrig,2021,Shiva 2.0,2,12,Aaron Jones,RB,11,13,229.0,15.27,15,0
8,Rob Derrig,2021,Shiva 2.0,3,29,Keenan Allen,WR,11,13,257.8,16.11,16,1
8,Rob Derrig,2021,Shiva 2.0,4,32,Joe Mixon,RB,4,7,287.9,17.99,16,1
8,Rob Derrig,2021,Shiva 2.0,5,49,T.J. Hockenson,TE,15,7,145.3,12.11,12,0
8,Rob Derrig,2021,Shiva 2.0,6,52,Cooper Kupp,WR,1,1,439.5,25.85,17,1
8,Rob Derrig,2021,Shiva 2.0,7,69,Jerry Jeudy,WR,85,72,85.0,8.5,10,0
8,Rob Derrig,2021,Shiva 2.0,8,72,Chase Claypool,WR,37,44,166.6,11.11,15,0
8,Rob Derrig,2021,Shiva 2.0,9,89,Tom Brady,QB,3,3,374.74,22.04,17,1
8,Rob Derrig,2021,Shiva 2.0,10,92,Trey Sermon,RB,95,89,28.3,4.72,6,0
8,Rob Derrig,2021,Shiva 2.0,11,109,DJ Chark Jr.,WR,135,43,34.4,11.47,3,0
8,Rob Derrig,2021,Shiva 2.0,12,112,Marquez Callaway,WR,43,64,151.8,8.93,17,0
8,Rob Derrig,2021,Shiva 2.0,13,129,Michael Pittman Jr.,WR,17,29,238.6,14.04,17,0
8,Rob Derrig,2021,Shiva 2.0,14,132,Mike Williams,WR,12,15,246.6,15.41,16,1
8,Rob Derrig,2021,Shiva 2.0,15,149,Patriots D/ST,D/ST,,,,,,0
8,Rob Derrig,2021,Shiva 2.0,16,152,Chase McLaughlin,K,,,,,,0
9,Chris H,2016,Shiva,1,3,Julio Jones,WR,6,5,259.9,18.56,14,1
9,Chris H,2016,Shiva,2,14,Le'Veon Bell,RB,3,1,317.4,26.45,12,1
9,Chris H,2016,Shiva,3,19,Brandon Marshall,WR,48,52,155.8,10.39,15,0
9,Chris H,2016,Shiva,4,30,LeSean McCoy,RB,4,4,298.3,19.89,15,1
9,Chris H,2016,Shiva,5,35,Matt Forte,RB,21,22,183.6,13.11,14,0
9,Chris H,2016,Shiva,6,46,Jarvis Landry,WR,13,15,233.3,14.58,16,1
9,Chris H,2016,Shiva,7,51,Josh Gordon,WR,,,,,,0
9,Chris H,2016,Shiva,8,62,Larry Fitzgerald,WR,11,12,243.8,15.24,16,1
9,Chris H,2016,Shiva,9,67,Drew Brees,QB,3,4,332.32,20.77,16,1
9,Chris H,2016,Shiva,10,78,Gary Barnidge,TE,19,28,130.2,8.14,16,0
9,Chris H,2016,Shiva,11,83,DeAngelo Williams,RB,48,24,100.1,12.51,8,0
9,Chris H,2016,Shiva,12,94,Cardinals D/ST,D/ST,,,,,,0
9,Chris H,2016,Shiva,13,99,Giovani Bernard,RB,40,27,122.3,12.23,10,0
9,Chris H,2016,Shiva,14,110,Kevin White,WR,120,63,38.6,9.65,4,0
9,Chris H,2016,Shiva,15,115,Graham Gano,K,,,,,,0
9,Chris H,2016,Shiva,16,126,Antonio Gates,TE,13,13,147.8,11.37,13,0
10,Matt Hollingsworth,2019,Shiva 2.0,1,2,Christian McCaffrey,RB,1,1,471.2,29.45,16,1
10,Matt Hollingsworth,2019,Shiva 2.0,2,19,Nick Chubb,RB,8,12,257.1,16.07,16,1
10,Matt Hollingsworth,2019,Shiva 2.0,3,22,Melvin Gordon,RB,23,15,180.8,15.07,12,0
10,Matt Hollingsworth,2019,Shiva 2.0,4,39,Zach Ertz,TE,4,4,215.6,14.37,15,1
10,Matt Hollingsworth,2019,Shiva 2.0,5,42,Damien Williams,RB,38,25,141.1,12.83,11,0
10,Matt Hollingsworth,2019,Shiva 2.0,6,59,DJ Moore,WR,16,18,230.5,15.37,15,1
10,Matt Hollingsworth,2019,Shiva 2.0,7,62,Aaron Rodgers,QB,9,14,278.38,17.4,16,1
10,Matt Hollingsworth,2019,Shiva 2.0,8,79,Derrius Guice,RB,69,32,57.4,11.48,5,0
10,Matt Hollingsworth,2019,Shiva 2.0,9,82,Marvin Jones,WR,28,22,193.9,14.92,13,0
10,Matt Hollingsworth,2019,Shiva 2.0,10,99,Nyheim Hines,RB,,,,,,0
10,Matt Hollingsworth,2019,Shiva 2.0,11,102,Peyton Barber,RB,43,62,116.5,7.28,16,0
10,Matt Hollingsworth,2019,Shiva 2.0,12,119,Patriots D/ST,D/ST,,,,,,0
10,Matt Hollingsworth,2019,Shiva 2.0,13,122,Russell Wilson,QB,3,5,328.6,20.54,16,1
10,Matt Hollingsworth,2019,Shiva 2.0,14,139,Robbie Gould,K,,,,,,0
10,Matt Hollingsworth,2019,Shiva 2.0,15,142,Cole Beasley,WR,34,41,184.8,12.32,15,0
10,Matt Hollingsworth,2019,Shiva 2.0,16,159,Jimmy Graham,TE,22,37,100.7,6.29,16,0
11,Matt Hollingsworth,2016,Shiva 2.0,1,2,Julio Jones,WR,6,5,259.9,18.56,14,1
11,Matt Hollingsworth,2016,Shiva 2.0,2,19,Ezekiel Elliott,RB,2,3,325.4,21.69,15,1
11,Matt Hollingsworth,2016,Shiva 2.0,3,22,T.Y. Hilton,WR,5,7,273.8,17.11,16,1
11,Matt Hollingsworth,2016,Shiva 2.0,4,39,Brandin Cooks,WR,10,9,246.3,16.42,15,1
11,Matt Hollingsworth,2016,Shiva 2.0,5,42,Eddie Lacy,RB,72,51,42.8,8.56,5,0
11,Matt Hollingsworth,2016,Shiva 2.0,6,59,Drew Brees,QB,3,4,332.32,20.77,16,1
11,Matt Hollingsworth,2016,Shiva 2.0,7,62,Donte Moncrief,WR,74,47,102.6,11.4,9,0
11,Matt Hollingsworth,2016,Shiva 2.0,8,79,Coby Fleener,TE,16,27,137.3,8.58,16,0
11,Matt Hollingsworth,2016,Shiva 2.0,9,82,Latavius Murray,RB,13,11,208.2,14.87,14,0
11,Matt Hollingsworth,2016,Shiva 2.0,10,99,Philip Rivers,QB,14,19,258.94,16.18,16,0
11,Matt Hollingsworth,2016,Shiva 2.0,11,102,Texans D/ST,D/ST,,,,,,0
11,Matt Hollingsworth,2016,Shiva 2.0,12,119,Antonio Gates,TE,13,13,147.8,11.37,13,0
11,Matt Hollingsworth,2016,Shiva 2.0,13,122,Melvin Gordon,RB,7,5,250.6,19.28,13,1
11,Matt Hollingsworth,2016,Shiva 2.0,14,139,Dan Bailey,K,,,,,,0
11,Matt Hollingsworth,2016,Shiva 2.0,15,142,James Starks,RB,67,68,58.9,6.54,9,0
11,Matt Hollingsworth,2016,Shiva 2.0,16,159,Chris Hogan,WR,60,74,128.9,8.59,15,0
12,Pascual Rodarte,2022,Shiva 2.0,1,2,Christian McCaffrey,RB,2,2,356.36,20.96,17,1
12,Pascual Rodarte,2022,Shiva 2.0,2,19,CeeDee Lamb,WR,5,7,301.6,17.74,17,1
12,Pascual Rodarte,2022,Shiva 2.0,3,22,Tyreek Hill,WR,2,3,347.2,20.42,17,1
12,Pascual Rodarte,2022,Shiva 2.0,4,39,A.J. Brown,WR,6,8,299.6,17.62,17,1
12,Pascual Rodarte,2022,Shiva 2.0,5,42,Breece Hall,RB,42,8,115.1,16.44,7,0
12,Pascual Rodarte,2022,Shiva 2.0,6,59,Lamar Jackson,QB,14,7,236.08,19.67,12,0
12,Pascual Rodarte,2022,Shiva 2.0,7,62,Darnell Mooney,WR,72,57,101.5,9.23,11,0
12,Pascual Rodarte,2022,Shiva 2.0,8,79,T.J. Hockenson,TE,2,4,215.4,12.67,17,1
12,Pascual Rodarte,2022,Shiva 2.0,9,82,Michael Thomas,WR,117,9,51.1,17.03,3,0
12,Pascual Rodarte,2022,Shiva 2.0,10,99,Dak Prescott,QB,19,16,198.6,16.55,12,0
12,Pascual Rodarte,2022,Shiva 2.0,11,102,Aaron Rodgers,QB,13,29,239.2,14.07,17,0
12,Pascual Rodarte,2022,Shiva 2.0,12,119,Tyler Boyd,WR,38,49,167.12,10.45,16,0
12,Pascual Rodarte,2022,Shiva 2.0,13,122,Kirk Cousins,QB,8,14,291.58,17.15,17,1
12,Pascual Rodarte,2022,Shiva 2.0,14,139,Skyy Moore,WR,121,153,43.4,2.71,16,0
12,Pascual Rodarte,2022,Shiva 2.0,15,142,49ers D/ST,D/ST,,,,,,0
12,Pascual Rodarte,2022,Shiva 2.0,16,159,Matt Prater,K,,,,,,0
13,Dustin Hodges,2017,Shiva 2.0,1,2,Le'Veon Bell,RB,2,2,343.4,22.89,15,1
13,Dustin Hodges,2017,Shiva 2.0,2,19,Rob Gronkowski,TE,2,1,227.4,17.49,13,1
13,Dustin Hodges,2017,Shiva 2.0,3,22,Ezekiel Elliott,RB,12,3,203.2,20.32,10,1
13,Dustin Hodges,2017,Shiva 2.0,4,39,Alshon Jeffery,WR,21,25,195.9,12.24,16,0
13,Dustin Hodges,2017,Shiva 2.0,5,42,Greg Olsen,TE,52,31,42.1,6.01,7,0
13,Dustin Hodges,2017,Shiva 2.0,6,59,Tyreek Hill,WR,8,5,245.2,16.35,15,1
13,Dustin Hodges,2017,Shiva 2.0,7,62,Russell Wilson,QB,1,2,347.92,21.75,16,1
13,Dustin Hodges,2017,Shiva 2.0,8,79,Mike Gillislee,RB,68,57,68.8,7.64,9,0
13,Dustin Hodges,2017,Shiva 2.0,9,82,Jeremy Maclin,WR,65,60,102.0,8.5,12,0
13,Dustin Hodges,2017,Shiva 2.0,10,99,Zach Ertz,TE,3,3,202.4,14.46,14,1
13,Dustin Hodges,2017,Shiva 2.0,11,102,Justin Tucker,K,,,,,,0
13,Dustin Hodges,2017,Shiva 2.0,12,119,Cardinals D/ST,D/ST,,,,,,0
13,Dustin Hodges,2017,Shiva 2.0,13,122,Chiefs D/ST,D/ST,,,,,,0
13,Dustin Hodges,2017,Shiva 2.0,14,139,Corey Coleman,WR,90,70,65.5,7.28,9,0
13,Dustin Hodges,2017,Shiva 2.0,15,142,Dak Prescott,QB,11,14,260.66,16.29,16,0
13,Dustin Hodges,2017,Shiva 2.0,16,159,Latavius Murray,RB,25,33,157.5,9.84,16,0
14,Nick Chipchase,2019,Shiva,1,3,Christian McCaffrey,RB,1,1,471.2,29.45,16,1
14,Nick Chipchase,2019,Shiva,2,18,Joe Mixon,RB,13,21,225.4,14.09,16,1
14,Nick Chipchase,2019,Shiva,3,23,Antonio Brown,WR,152,10,16.1,16.1,1,0
14,Nick Chipchase,2019,Shiva,4,38,T.Y. Hilton,WR,57,39,125.1,12.51,10,0
14,Nick Chipchase,2019,Shiva,5,43,David Montgomery,RB,24,34,170.4,10.65,16,1
14,Nick Chipchase,2019,Shiva,6,58,Josh Gordon,WR,89,93,73.7,6.7,11,0
14,Nick Chipchase,2019,Shiva,7,63,James White,RB,18,23,202.2,13.48,15,1
14,Nick Chipchase,2019,Shiva,8,78,Sterling Shepard,WR,48,26,141.8,14.18,10,0
14,Nick Chipchase,2019,Shiva,9,83,Cam Newton,QB,50,44,16.68,8.34,2,0
14,Nick Chipchase,2019,Shiva,10,98,David Njoku,TE,86,50,15.1,5.03,3,0
14,Nick Chipchase,2019,Shiva,11,103,Michael Gallup,WR,24,19,212.7,15.19,14,1
14,Nick Chipchase,2019,Shiva,12,118,Jaguars D/ST,D/ST,,,,,,0
14,Nick Chipchase,2019,Shiva,13,123,Wil Lutz,K,,,,,,0
14,Nick Chipchase,2019,Shiva,14,138,Peyton Barber,RB,43,62,116.5,7.28,16,0
14,Nick Chipchase,2019,Shiva,15,143,Lamar Jackson,QB,1,1,415.68,27.71,15,1
14,Nick Chipchase,2019,Shiva,16,158,Adam Humphries,WR,80,84,86.5,7.21,12,0
15,Rob Derrig,2020,Shiva 2.0,1,4,Dalvin Cook,RB,2,3,337.8,24.13,14,1
15,Rob Derrig,2020,Shiva 2.0,2,17,Joe Mixon,RB,49,11,99.6,16.6,6,0
15,Rob Derrig,2020,Shiva 2.0,3,24,George Kittle,TE,20,3,125.1,15.64,8,0
15,Rob Derrig,2020,Shiva 2.0,4,37,Robert Woods,WR,14,19,245.1,15.32,16,1
15,Rob Derrig,2020,Shiva 2.0,5,44,Calvin Ridley,WR,5,4,281.5,18.77,15,1
15,Rob Derrig,2020,Shiva 2.0,6,57,A.J. Brown,WR,12,6,247.5,17.68,14,1
15,Rob Derrig,2020,Shiva 2.0,7,64,Tyler Boyd,WR,29,38,192.64,12.84,15,0
15,Rob Derrig,2020,Shiva 2.0,8,77,Raheem Mostert,RB,48,29,99.7,12.46,8,0
15,Rob Derrig,2020,Shiva 2.0,9,84,Brandin Cooks,WR,17,17,232.0,15.47,15,1
15,Rob Derrig,2020,Shiva 2.0,10,97,Diontae Johnson,WR,20,20,223.8,14.92,15,1
15,Rob Derrig,2020,Shiva 2.0,11,104,Preston Williams,WR,98,69,74.8,9.35,8,0
15,Rob Derrig,2020,Shiva 2.0,12,117,John Brown,WR,84,56,96.8,10.76,9,0
15,Rob Derrig,2020,Shiva 2.0,13,124,Drew Brees,QB,21,17,209.48,17.46,12,0
15,Rob Derrig,2020,Shiva 2.0,14,137,Matthew Stafford,QB,16,23,260.56,16.29,16,0
15,Rob Derrig,2020,Shiva 2.0,15,144,Buccaneers D/ST,D/ST,,,,,,0
15,Rob Derrig,2020,Shiva 2.0,16,157,Robbie Gould,K,,,,,,0
16,Nick Chipchase,2023,Shiva 2.0,1,5,Tyreek Hill,WR,2,2,376.4,23.53,16,1
16,Nick Chipchase,2023,Shiva 2.0,2,16,Josh Jacobs,RB,28,18,181.1,13.93,13,0
16,Nick Chipchase,2023,Shiva 2.0,3,25,Travis Etienne Jr.,RB,3,7,282.4,16.61,17,1
16,Nick Chipchase,2023,Shiva 2.0,4,36,Amari Cooper,WR,20,19,227.0,15.13,15,0
16,Nick Chipchase,2023,Shiva 2.0,5,45,Alvin Kamara,RB,11,3,233.0,17.92,13,1
16,Nick Chipchase,2023,Shiva 2.0,6,56,DeAndre Hopkins,WR,22,30,223.6,13.15,17,0
16,Nick Chipchase,2023,Shiva 2.0,7,65,DJ Moore,WR,6,9,286.5,16.85,17,1
16,Nick Chipchase,2023,Shiva 2.0,8,76,Isiah Pacheco,RB,15,14,213.9,15.28,14,1
16,Nick Chipchase,2023,Shiva 2.0,9,85,Trevor Lawrence,QB,12,18,262.54,16.41,16,0
16,Nick Chipchase,2023,Shiva 2.0,10,96,David Njoku,TE,6,7,201.2,12.58,16,1
16,Nick Chipchase,2023,Shiva 2.0,11,105,Zay Flowers,WR,31,32,206.4,12.9,16,0
16,Nick Chipchase,2023,Shiva 2.0,12,116,Devin Singletary,RB,32,40,167.34,9.84,17,0
16,Nick Chipchase,2023,Shiva 2.0,13,125,Jaxon Smith-Njigba,WR,48,60,149.8,8.81,17,0
16,Nick Chipchase,2023,Shiva 2.0,14,136,Tua Tagovailoa,QB,11,22,270.36,15.9,17,0
16,Nick Chipchase,2023,Shiva 2.0,15,145,Browns D/ST,D/ST,,,,,,0
16,Nick Chipchase,2023,Shiva 2.0,16,156,Matt Gay,K,,,,,,0
17,Rob Derrig,2018,Shiva 2.0,1,8,DeAndre Hopkins,WR,2,4,333.5,20.84,16,1
17,Rob Derrig,2018,Shiva 2.0,2,13,Michael Thomas,WR,6,6,315.5,19.72,16,1
17,Rob Derrig,2018,Shiva 2.0,3,28,Jordan Howard,RB,20,31,180.0,11.25,16,0
17,Rob Derrig,2018,Shiva 2.0,4,33,Zach Ertz,TE,2,2,280.3,17.52,16,1
17,Rob Derrig,2018,Shiva 2.0,5,48,JuJu Smith-Schuster,WR,8,9,296.9,18.56,16,1
17,Rob Derrig,2018,Shiva 2.0,6,53,Chris Hogan,WR,69,92,106.2,7.08,15,0
17,Rob Derrig,2018,Shiva 2.0,7,68,Chris Thompson,RB,55,44,91.6,9.16,10,0
17,Rob Derrig,2018,Shiva 2.0,8,73,Marquise Goodwin,WR,81,79,87.4,7.95,11,0
17,Rob Derrig,2018,Shiva 2.0,9,88,Kerryon Johnson,RB,34,18,139.4,13.94,10,0
17,Rob Derrig,2018,Shiva 2.0,10,93,Jamison Crowder,WR,85,60,82.8,9.2,9,0
17,Rob Derrig,2018,Shiva 2.0,11,108,Drew Brees,QB,8,7,304.98,20.33,15,1
17,Rob Derrig,2018,Shiva 2.0,12,113,Ty Montgomery,WR,91,109,73.3,5.64,13,0
17,Rob Derrig,2018,Shiva 2.0,13,128,Eagles D/ST,D/ST,,,,,,0
17,Rob Derrig,2018,Shiva 2.0,14,133,Giovani Bernard,RB,53,54,95.9,7.99,12,0
17,Rob Derrig,2018,Shiva 2.0,15,148,Patrick Mahomes,QB,1,1,417.08,26.07,16,1
17,Rob Derrig,2018,Shiva 2.0,16,153,Jake Elliott,K,,,,,,0
18,Chris H,2015,Shiva,1,4,Antonio Brown,WR,1,1,390.2,24.39,16,1
18,Chris H,2015,Shiva,2,13,Demaryius Thomas,WR,11,17,267.4,16.71,16,1
18,Chris H,2015,Shiva,3,20,Justin Forsett,RB,41,25,122.4,12.24,10,0
18,Chris H,2015,Shiva,4,29,Russell Wilson,QB,3,3,336.26,21.02,16,1
18,Chris H,2015,Shiva,5,36,Mike Evans,WR,21,25,212.6,14.17,15,0
18,Chris H,2015,Shiva,6,45,Mark Ingram,RB,11,6,203.4,16.95,12,1
18,Chris H,2015,Shiva,7,52,Andre Ellington,RB,64,63,74.7,7.47,10,0
18,Chris H,2015,Shiva,8,61,Zach Ertz,TE,10,11,170.3,11.35,15,0
18,Chris H,2015,Shiva,9,68,Brandon Marshall,WR,3,4,339.2,21.2,16,1
18,Chris H,2015,Shiva,10,77,Texans D/ST,D/ST,,,,,,0
18,Chris H,2015,Shiva,11,84,Roddy White,WR,71,88,99.6,6.64,15,0
18,Chris H,2015,Shiva,12,93,Doug Martin,RB,5,13,232.3,14.52,16,1
18,Chris H,2015,Shiva,13,100,Michael Floyd,WR,36,43,172.9,11.53,15,0
18,Chris H,2015,Shiva,14,109,Antonio Gates,TE,13,8,149.0,13.55,11,0
18,Chris H,2015,Shiva,15,116,Matt Bryant,K,,,,,,0
18,Chris H,2015,Shiva,16,125,Duke Johnson Jr.,RB,23,39,164.3,10.27,16,0
19,Mike Hart,2020,Shiva 2.0,1,6,Alvin Kamara,RB,1,2,377.8,25.19,15,1
19,Mike Hart,2020,Shiva 2.0,2,15,Aaron Jones,RB,5,6,258.9,18.49,14,1
19,Mike Hart,2020,Shiva 2.0,3,26,Mike Evans,WR,11,16,248.6,15.54,16,1
19,Mike Hart,2020,Shiva 2.0,4,35,James Conner,RB,27,28,164.6,12.66,13,1
19,Mike Hart,2020,Shiva 2.0,5,46,Cooper Kupp,WR,26,29,210.7,14.05,15,1
19,Mike Hart,2020,Shiva 2.0,6,55,Deshaun Watson,QB,5,7,369.32,23.08,16,1
19,Mike Hart,2020,Shiva 2.0,7,66,Marquise Brown,WR,36,48,183.0,11.44,16,0
19,Mike Hart,2020,Shiva 2.0,8,75,Michael Gallup,WR,38,55,173.3,10.83,16,0
19,Mike Hart,2020,Shiva 2.0,9,86,Hunter Henry,TE,13,12,145.3,10.38,14,0
19,Mike Hart,2020,Shiva 2.0,10,95,Latavius Murray,RB,34,43,136.2,9.08,15,0
19,Mike Hart,2020,Shiva 2.0,11,106,Chris Thompson,RB,80,61,42.6,7.1,6,0
19,Mike Hart,2020,Shiva 2.0,12,115,Kerryon Johnson,RB,63,82,71.8,5.13,14,0
19,Mike Hart,2020,Shiva 2.0,13,126,Vikings D/ST,D/ST,,,,,,0
19,Mike Hart,2020,Shiva 2.0,14,135,Mecole Hardman,WR,60,82,130.1,8.13,16,0
19,Mike Hart,2020,Shiva 2.0,15,146,Marlon Mack,RB,123,48,8.6,8.6,1,0
19,Mike Hart,2020,Shiva 2.0,16,155,Jake Elliott,K,,,,,,0
20,Rob Derrig,2023,Shiva 2.0,1,4,Christian McCaffrey,RB,1,1,391.3,24.46,16,1
20,Rob Derrig,2023,Shiva 2.0,2,17,A.J. Brown,WR,5,8,289.6,17.04,17,1
20,Rob Derrig,2023,Shiva 2.0,3,24,Jalen Hurts,QB,2,3,356.82,20.99,17,1
20,Rob Derrig,2023,Shiva 2.0,4,37,Keenan Allen,WR,8,3,278.86,21.45,13,1
20,Rob Derrig,2023,Shiva 2.0,5,44,Diontae Johnson,WR,45,41,152.7,11.75,13,0
20,Rob Derrig,2023,Shiva 2.0,6,57,Miles Sanders,RB,52,65,87.6,5.48,16,0
20,Rob Derrig,2023,Shiva 2.0,7,64,Drake London,WR,37,45,174.38,10.9,16,0
20,Rob Derrig,2023,Shiva 2.0,8,77,AJ Dillon,RB,42,47,117.6,7.84,15,0
20,Rob Derrig,2023,Shiva 2.0,9,84,Michael Pittman Jr.,WR,13,16,250.2,15.64,16,1
20,Rob Derrig,2023,Shiva 2.0,10,97,Samaje Perine,RB,40,48,121.3,7.14,17,0
20,Rob Derrig,2023,Shiva 2.0,11,104,Jahan Dotson,WR,56,74,124.8,7.34,17,0
20,Rob Derrig,2023,Shiva 2.0,12,117,Elijah Mitchell,RB,64,74,47.5,4.32,11,0
20,Rob Derrig,2023,Shiva 2.0,13,124,Gerald Everett,TE,23,20,111.1,7.41,15,0
20,Rob Derrig,2023,Shiva 2.0,14,137,Tyler Bass,K,,,,,,0
20,Rob Derrig,2023,Shiva 2.0,15,144,Sam LaPorta,TE,1,3,239.3,14.08,17,1
20,Rob Derrig,2023,Shiva 2.0,16,157,Eagles D/ST,D/ST,,,,,,0
21,Jacob Barton,2018,Shiva 2.0,1,5,Antonio Brown,WR,5,2,323.7,21.58,15,1
21,Jacob Barton,2018,Shiva 2.0,2,16,Julio Jones,WR,4,5,325.9,20.37,16,1
21,Jacob Barton,2018,Shiva 2.0,3,25,Travis Kelce,TE,1,1,294.6,18.41,16,1
21,Jacob Barton,2018,Shiva 2.0,4,36,Demaryius Thomas,WR,37,48,156.7,10.45,15,0
21,Jacob Barton,2018,Shiva 2.0,5,45,Josh Gordon,WR,48,37,138.7,11.56,12,0
21,Jacob Barton,2018,Shiva 2.0,6,56,Jay Ajayi,RB,82,33,43.4,10.85,4,0
21,Jacob Barton,2018,Shiva 2.0,7,65,Mark Ingram,RB,32,28,142.5,11.88,12,0
21,Jacob Barton,2018,Shiva 2.0,8,76,Isaiah Crowell,RB,33,34,140.7,10.82,13,0
21,Jacob Barton,2018,Shiva 2.0,9,85,Sammy Watkins,WR,63,38,115.1,11.51,10,0
21,Jacob Barton,2018,Shiva 2.0,10,96,Chris Carson,RB,15,16,201.4,14.39,14,1
21,Jacob Barton,2018,Shiva 2.0,11,105,James White,RB,7,10,276.6,17.29,16,1
21,Jacob Barton,2018,Shiva 2.0,12,116,Ben Roethlisberger,QB,3,3,341.86,21.37,16,1
21,Jacob Barton,2018,Shiva 2.0,13,125,DeSean Jackson,WR,42,30,151.3,12.61,12,0
21,Jacob Barton,2018,Shiva 2.0,14,136,Theo Riddick,RB,43,49,116.5,8.32,14,0
21,Jacob Barton,2018,Shiva 2.0,15,145,Ravens D/ST,D/ST,,,,,,0
21,Jacob Barton,2018,Shiva 2.0,16,156,Matt Prater,K,,,,,,0
22,Dustin Hodges,2020,Shiva,1,6,Michael Thomas,WR,95,41,83.9,11.99,7,0
22,Dustin Hodges,2020,Shiva,2,15,Travis Kelce,TE,1,1,312.76,20.85,15,1
22,Dustin Hodges,2020,Shiva,3,26,Davante Adams,WR,1,1,358.4,25.6,14,1
22,Dustin Hodges,2020,Shiva,4,35,David Johnson,RB,21,16,179.5,14.96,12,0
22,Dustin Hodges,2020,Shiva,5,46,Deshaun Watson,QB,5,7,369.32,23.08,16,1
22,Dustin Hodges,2020,Shiva,6,55,A.J. Brown,WR,12,6,247.5,17.68,14,1
22,Dustin Hodges,2020,Shiva,7,66,Leonard Fournette,RB,35,34,132.0,11.0,12,0
22,Dustin Hodges,2020,Shiva,8,75,Tom Brady,QB,8,12,337.92,21.12,16,1
22,Dustin Hodges,2020,Shiva,9,86,49ers D/ST,D/ST,,,,,,0
22,Dustin Hodges,2020,Shiva,10,95,Ravens D/ST,D/ST,,,,,,0
22,Dustin Hodges,2020,Shiva,11,106,Henry Ruggs,WR,94,107,84.1,6.47,13,0
22,Dustin Hodges,2020,Shiva,12,115,Harrison Butker,K,,,,,,0
22,Dustin Hodges,2020,Shiva,13,126,Matt Breida,RB,81,92,42.0,4.2,10,0
22,Dustin Hodges,2020,Shiva,14,135,Darrell Henderson Jr.,RB,36,47,130.3,8.69,15,0
22,Dustin Hodges,2020,Shiva,15,146,Alexander Mattison,RB,55,66,86.9,6.68,13,0
22,Dustin Hodges,2020,Shiva,16,155,Justin Jefferson,WR,6,9,274.2,17.14,16,1
23,Sean Ahlenius,2015,Shiva,1,5,Adrian Peterson,RB,2,8,260.7,16.29,16,1
23,Sean Ahlenius,2015,Shiva,2,12,Julio Jones,WR,2,2,369.1,23.07,16,1
23,Sean Ahlenius,2015,Shiva,3,21,Lamar Miller,RB,6,14,231.9,14.49,16,1
23,Sean Ahlenius,2015,Shiva,4,28,Andrew Luck,QB,28,12,130.84,18.69,7,0
23,Sean Ahlenius,2015,Shiva,5,37,Martellus Bennett,TE,23,15,114.9,10.45,11,0
23,Sean Ahlenius,2015,Shiva,6,44,Jordan Matthews,WR,5,6,230.7,14.42,16,1
23,Sean Ahlenius,2015,Shiva,7,53,Melvin Gordon,RB,48,60,108.3,7.74,14,0
23,Sean Ahlenius,2015,Shiva,8,60,Jarvis Landry,WR,8,12,275.36,17.21,16,1
23,Sean Ahlenius,2015,Shiva,9,69,Jeremy Maclin,WR,15,19,243.2,16.21,15,0
23,Sean Ahlenius,2015,Shiva,10,76,Todd Gurley,RB,9,9,208.4,16.03,13,1
23,Sean Ahlenius,2015,Shiva,11,85,Patriots D/ST,D/ST,,,,,,0
23,Sean Ahlenius,2015,Shiva,12,92,Rashad Jennings,RB,22,38,164.9,10.31,16,0
23,Sean Ahlenius,2015,Shiva,13,101,John Brown,WR,24,26,207.5,13.83,15,0
23,Sean Ahlenius,2015,Shiva,14,108,Scott Chandler,TE,36,35,72.9,6.08,12,0
23,Sean Ahlenius,2015,Shiva,15,117,Brandon McManus,K,,,,,,0
23,Sean Ahlenius,2015,Shiva,16,124,Philip Rivers,QB,12,17,284.48,17.78,16,0
24,Josh McAuliffe,2018,Shiva,1,10,DeAndre Hopkins,WR,2,4,333.5,20.84,16,1
24,Josh McAuliffe,2018,Shiva,2,11,Keenan Allen,WR,12,12,260.1,17.34,15,0
24,Josh McAuliffe,2018,Shiva,3,30,Joe Mixon,RB,10,9,243.4,17.39,14,1
24,Josh McAuliffe,2018,Shiva,4,31,Adam Thielen,WR,7,8,307.3,19.21,16,1
24,Josh McAuliffe,2018,Shiva,5,50,Derrick Henry,RB,16,22,201.36,12.58,16,0
24,Josh McAuliffe,2018,Shiva,6,51,Jimmy Graham,TE,12,21,130.6,8.16,16,0
24,Josh McAuliffe,2018,Shiva,7,70,Duke Johnson Jr.,RB,37,50,132.0,8.25,16,0
24,Josh McAuliffe,2018,Shiva,8,71,Chris Hogan,WR,69,92,106.2,7.08,15,0
24,Josh McAuliffe,2018,Shiva,9,90,Andrew Luck,QB,5,6,327.92,20.49,16,1
24,Josh McAuliffe,2018,Shiva,10,91,Kelvin Benjamin,WR,97,131,69.0,4.6,15,0
24,Josh McAuliffe,2018,Shiva,11,110,James White,RB,7,10,276.6,17.29,16,1
24,Josh McAuliffe,2018,Shiva,12,111,Vikings D/ST,D/ST,,,,,,0
24,Josh McAuliffe,2018,Shiva,13,130,Jimmy Garoppolo,QB,40,22,48.02,16.01,3,0
24,Josh McAuliffe,2018,Shiva,14,131,Giovani Bernard,RB,53,54,95.9,7.99,12,0
24,Josh McAuliffe,2018,Shiva,15,150,Robbie Gould,K,,,,,,0
24,Josh McAuliffe,2018,Shiva,16,151,Eric Ebron,TE,4,4,222.2,13.89,16,1
25,Ben Miller,2016,Shiva 2.0,1,7,Rob Gronkowski,TE,27,9,97.0,12.12,8,0
25,Ben Miller,2016,Shiva 2.0,2,14,Devonta Freeman,RB,6,7,284.1,17.76,16,1
25,Ben Miller,2016,Shiva 2.0,3,27,LeSean McCoy,RB,4,4,298.3,19.89,15,1
25,Ben Miller,2016,Shiva 2.0,4,34,Jarvis Landry,WR,13,15,233.3,14.58,16,1
25,Ben Miller,2016,Shiva 2.0,5,47,Randall Cobb,WR,52,46,148.3,11.41,13,0
25,Ben Miller,2016,Shiva 2.0,6,54,Doug Baldwin,WR,8,10,253.6,15.85,16,1
25,Ben Miller,2016,Shiva 2.0,7,67,John Brown,WR,73,87,103.7,6.91,15,0
25,Ben Miller,2016,Shiva 2.0,8,74,Eli Manning,QB,22,25,224.18,14.01,16,0
25,Ben Miller,2016,Shiva 2.0,9,87,Sterling Shepard,WR,36,44,184.4,11.53,16,0
25,Ben Miller,2016,Shiva 2.0,10,94,Frank Gore,RB,12,21,214.2,13.39,16,1
25,Ben Miller,2016,Shiva 2.0,11,107,Tavon Austin,WR,53,60,146.8,9.79,15,0
25,Ben Miller,2016,Shiva 2.0,12,114,Blair Walsh,K,,,,,,0
25,Ben Miller,2016,Shiva 2.0,13,127,Raiders D/ST,D/ST,,,,,,0
25,Ben Miller,2016,Shiva 2.0,14,134,Tevin Coleman,RB,20,13,191.1,14.7,13,1
25,Ben Miller,2016,Shiva 2.0,15,147,James White,RB,26,38,161.7,10.11,16,0
25,Ben Miller,2016,Shiva 2.0,16,154,Ryan Tannehill,QB,27,24,190.2,14.63,13,0
